kategory,kelas,cover_buku,judul_bab,subjudul_bab,abstrak,use_case,materi,soal,link
SMA,X,Matematika untuk SMA/MA/SMK/MAK Kelas X (Edisi Revisi),Eksponen,"['Eksponen', 'Sifat-sifat Eksponen', 'Fungsi Eksponential', 'Bentuk Akar']","Bab ini berfokus pada pemahaman mendalam tentang konsep eksponen, mulai dari definisi dasar hingga penerapannya dalam grafik fungsi dan hubungan antara pangkat pecahan dengan bentuk akar.","['Pertumbuhan Penduduk: Memprediksi jumlah penduduk di masa depan menggunakan fungsi eksponensial.', 'Peluruhan Zat Radioaktif: Menghitung sisa massa zat kimia yang meluruh seiring waktu (fisika/kimia).', 'Arsitektur: Penggunaan bentuk akar dalam perhitungan presisi dimensi bangunan.']","['Definisi Eksponen: Eksponen adalah bentuk perkalian berulang dari suatu bilangan yang sama. Jika a adalah bilangan real dan n adalah bilangan bulat positif, maka a^n adalah perkalian a sebanyak n faktor.', 'Sifat-sifat Eksponen: Mencakup aturan dasar operasi hitung, seperti perkalian (a^m*a^n=a^{m+n), pembagian (a^m : a^n=a^{m-n), perpangkatan pangkat ((a^m)^n=a^{m*n), serta sifat pangkat nol (a^0=1) dan pangkat negatif.', 'Fungsi Eksponensial: Fungsi yang memetakan setiap x ke f(x)=a^x dengan a>0 dan a \\neq 1. Materi ini membahas karakteristik grafik fungsi eksponen (kurva mulus) baik yang bertumbuh maupun yang meluruh.', 'Bentuk Akar: Mempelajari hubungan eksponen dengan akar, di mana sqrt[n]{a^m=a^{/m{n. Termasuk cara menyederhanakan bentuk akar dan merasionalkan penyebut pada pecahan.']","['Hasil dari (2^3 x 2^2)^2 adalah...', 'a. 2^7', 'b. 2^{10', 'c. 2^{12', 'd. 2^{24', 'Bentuk sederhana dari sqrt{75 adalah...', 'a. 5sqrt{2', 'b. 5sqrt{3', 'c. 3sqrt{5', 'd. 25sqrt{3', 'Jika 5^x=125, maka nilai x adalah...', 'a. 2', 'b. 3', 'c. 4', 'd. 5']",https://buku.kemendikdasmen.go.id/katalog/Matematika-untuk-SDMI-Kelas-I 
SMA,X,Matematika untuk SMA/MA/SMK/MAK Kelas X (Edisi Revisi),Barisan dan Deret,"['Barisan (Aritmetika dan Geometri)', 'Deret (Aritmetika dan Geometri)', 'Bunga (Tunggal dan Majemuk)']","Bab ini membahas pola bilangan yang tersusun secara sistematis. Siswa akan mempelajari perbedaan antara barisan (urutan bilangan) dan deret (jumlah suku-suku), serta bagaimana konsep ini diterapkan dalam perhitungan finansial seperti bunga bank dan pertumbuhan nilai aset.","['Tabungan Bank: Menghitung saldo akhir tabungan dengan bunga majemuk setelah beberapa tahun.', 'Produksi Industri: Memprediksi jumlah total produksi barang jika setiap bulan terjadi kenaikan produksi yang tetap (Aritmetika).', 'Investasi: Menghitung nilai investasi masa depan menggunakan konsep bunga tunggal dan majemuk.']","['Barisan: Penjelasan mengenai Barisan Aritmetika (memiliki selisih/beda yang tetap, b=U_n-U_{n-1) dan Barisan Geometri (memiliki perbandingan/rasio yang tetap, r=/U_n{U_{n-1).Termasuk rumus mencari suku ke-n (U_n).', 'Deret: Mempelajari penjumlahan dari suku-suku barisan. Deret Aritmetika digunakan untuk mencari total jumlah hingga suku tertentu (S_n), begitu juga dengan Deret Geometri. Pembahasan juga mencakup Deret Geometri Tak Hingga.', 'Bunga: Penerapan barisan dan deret dalam ekonomi. Bunga Tunggal dihitung berdasarkan modal awal (linier/aritmetika), sedangkan Bunga Majemuk dihitung berdasarkan modal yang sudah berbunga (eksponensial/geometri).']","['Suku ke-10 dari barisan aritmetika 2, 5, 8, 11, ... adalah...', 'a. 27', 'b. 29', 'c. 31', 'd. 33', 'Rasio dari barisan geometri 3, 6, 12, 24, ... adalah...', 'a. 2', 'b. 3', 'c. 4', 'd. 6', 'Rumus suku ke-n (U_n) untuk barisan aritmetika adalah...', 'a. a*r^{n-1', 'b. a+(n-1)b', 'c./n{2(a+U_n)', 'd. a+nb']",https://buku.kemendikdasmen.go.id/katalog/matematika-untuk-smamasmkmak-kelas-x-edisi-revisi
SMA,X,Matematika untuk SMA/MA/SMK/MAK Kelas X (Edisi Revisi),Perbandingan Trigonometri,"['Perbandingan Trigonometri', 'Pemanfaatan Perbandingan Trigonometri']","Bab ini memperkenalkan konsep dasar perbandingan sudut pada segitiga siku-siku. Siswa akan mempelajari definisi sinus, cosinus, dan tangen serta bagaimana menggunakan perbandingan tersebut untuk menghitung panjang sisi atau besar sudut yang tidak diketahui dalam berbagai situasi praktis.","['Navigasi Pelayaran: Menentukan jarak kapal ke mercusuar dengan mengukur sudut elevasi.', 'Arsitektur & Konstruksi: Menghitung kemiringan atap rumah atau panjang tangga yang dibutuhkan untuk mencapai ketinggian tertentu.', 'Astronomi: Mengukur jarak benda langit sederhana menggunakan metode paralaks (sudut pandang).']","['Perbandingan Trigonometri: Pembahasan mengenai tiga rasio utama pada segitiga siku-siku terhadap sudut tertentu (\\theta): Sinus (depan/miring), Cosinus (samping/miring), dan Tangen (depan/samping). Materi ini juga mencakup pengenalan sudut-sudut istimewa (0^\\circ, 30^\\circ, 45^\\circ, 60^\\circ, 90^\\circ).', 'Pemanfaatan Perbandingan Trigonometri: Fokus pada penerapan klinometer untuk mengukur tinggi objek (seperti gedung atau pohon) tanpa harus memanjatnya. Siswa belajar membedakan antara Sudut Elevasi (melihat ke atas) dan Sudut Depresi (melihat ke bawah) dalam penyelesaian masalah kontekstual.']","['Pada segitiga siku-siku, perbandingan sisi depan dengan sisi miring disebut...', 'a. Cosinus', 'b. Tangen', 'c. Sinus', 'd. Cotangen', 'Nilai dari \\sin 30^\\circ adalah...', 'a./1{2', 'b./1{2sqrt{2', 'c./1{2sqrt{3', 'd. 1', 'Jika \\tan \\theta=1, maka besar sudut \\theta adalah...', 'a. 30^\\circ', 'b. 45^\\circ', 'c. 60^\\circ', 'd. 90^\\circ']",https://buku.kemendikdasmen.go.id/katalog/matematika-untuk-smamasmkmak-kelas-x-edisi-revisi
SMA,X,Matematika untuk SMA/MA/SMK/MAK Kelas X (Edisi Revisi),Sistem Persamaan dan Pertidaksamaan Linear,"['Sistem Persamaan Linear (Dua dan Tiga Variabel)', 'Sistem Pertidaksamaan Linear']","Bab ini membahas cara mencari solusi dari beberapa persamaan atau pertidaksamaan linear yang muncul secara bersamaan. Siswa akan belajar metode eliminasi dan substitusi untuk menemukan titik potong (solusi), serta cara menentukan daerah penyelesaian pada sistem pertidaksamaan.","['Analisis Bisnis: Menghitung jumlah kombinasi produk yang harus dijual untuk mencapai titik impas (break-even point).', 'Logistik: Menentukan kapasitas maksimal pengiriman barang dengan batasan volume dan berat tertentu (Program Linear Dasar).', 'Nutrisi: Menyusun komposisi bahan makanan agar memenuhi standar kalori minimum dengan biaya terendah.']","['Sistem Persamaan Linear: Berfokus pada Sistem Persamaan Linear Dua Variabel (SPLDV) dan Tiga Variabel (SPLTV). Materi mencakup teknik penyelesaian menggunakan metode Grafik, Substitusi, dan Eliminasi. Solusi yang didapat merupakan nilai (x, y) atau (x, y, z) yang memenuhi semua persamaan.', 'Sistem Pertidaksamaan Linear: Membahas hubungan linear menggunakan tanda ketidaksamaan (<,>,<=q,>=q). Fokus utamanya adalah menentukan Daerah Himpunan Penyelesaian (DHP) pada koordinat Kartesius dengan bantuan uji titik atau teknik arsiran.']","['Himpunan penyelesaian dari x+y=5 dan x-y=1 adalah...', 'a. (2, 3)', 'b. (3, 2)', 'c. (4, 1)', 'd. (1, 4)', 'Manakah di bawah ini yang merupakan pertidaksamaan linear?', 'a. x^2+2y<=q 5', 'b. 3x+y=10', 'c. 2x-5y>12', 'd. xy<4', 'Jika 2x>10, maka nilai x yang memenuhi adalah...', 'a. x<5', 'b. x>5', 'c. x=5', 'd. x>20']",https://buku.kemendikdasmen.go.id/katalog/matematika-untuk-smamasmkmak-kelas-x-edisi-revisi
SMA,X,Matematika untuk SMA/MA/SMK/MAK Kelas X (Edisi Revisi),Persamaan dan Fungsi Kuadrat,"['Persamaan Kuadrat', 'Fungsi Kuadrat']","Bab ini membahas tentang persamaan polinomial berderajat dua. Siswa akan belajar cara mencari akar-akar persamaan kuadrat melalui berbagai metode, serta memahami karakteristik grafik fungsi kuadrat (parabola), termasuk titik puncak, sumbu simetri, dan arah keterbukaan grafik.","['Gerak Parabola: Menghitung lintasan bola yang ditendang atau peluru yang ditembakkan.', 'Arsitektur: Merancang bentuk lengkungan pada jembatan atau kubah bangunan.', 'Optimasi Bisnis: Menentukan harga jual produk untuk mendapatkan keuntungan maksimal menggunakan titik puncak fungsi.']","['Persamaan Kuadrat: Bentuk umum ax^2+bx+c=0. Materi fokus pada cara menentukan akar-akar (x_1 dan x_2) menggunakan metode Faktorisasi, Melengkapkan Kuadrat Sempurna, dan Rumus ABC. Juga membahas peran Diskriminan (D=b^2-4ac) dalam menentukan jenis akar.', 'Fungsi Kuadrat: Bentuk umum f(x)=ax^2+bx+c. Mempelajari cara menggambar grafik parabola. Jika a>0 grafik terbuka ke atas, jika a<0 terbuka ke bawah. Menentukan Titik Puncak (x_p, y_p) dan Sumbu Simetri.']","['Akar-akar dari persamaan kuadrat x^2-5x+6=0 adalah...', 'a. x=-2 atau x=-3', 'b. x=2 atau x=3', 'c. x=1 atau x=6', 'd. x=-1 atau x=-6', 'Jika nilai Diskriminan (D) dari suatu persamaan kuadrat adalah nol (D=0), maka persamaan tersebut memiliki...', 'a. Dua akar real yang berbeda', 'b. Tidak memiliki akar real', 'c. Dua akar real yang kembar (sama)', 'd. Akar imajiner', 'Titik potong grafik fungsi f(x)=x^2-4 dengan sumbu Y adalah...', 'a. (0, 4)', 'b. (4, 0)', 'c. (0,-4)', 'd. (-4, 0)']",https://buku.kemendikdasmen.go.id/katalog/matematika-untuk-smamasmkmak-kelas-x-edisi-revisi
SMA,X,Matematika untuk SMA/MA/SMK/MAK Kelas X (Edisi Revisi),Representasi dan Interpretasi Data,"['Representasi Data (Diagram Garis, Batang, dan Pie)', 'Statistik Deskriptif (Mean, Median, Modus, Kuartil)', 'Representasi Data Lanjutan (Box Plot, Histogram, dan Scatter Plot)']","Bab ini mengajarkan cara mengolah data mentah menjadi informasi yang bermakna. Siswa akan belajar cara menyajikan data dalam berbagai bentuk diagram, menghitung ukuran pemusatan dan penyebaran data, serta menginterpretasikan hubungan antar variabel melalui grafik lanjutan.","['Analisis Penjualan: Menggunakan Scatter Plot untuk melihat hubungan antara biaya iklan dan jumlah penjualan.', 'Kesehatan: Menggunakan Box Plot untuk melihat distribusi berat badan anak di suatu daerah dan mendeteksi adanya outlier.', 'Survei Kepuasan: Menggunakan Pie Chart untuk melihat persentase tingkat kepuasan pelanggan (Puas, Cukup, Tidak Puas).']","['Representasi Data: Teknik dasar menyajikan data kategori dan numerik menggunakan grafik standar. Fokus pada pemilihan grafik yang tepat agar informasi tidak bias atau menyesatkan.', 'Statistik Deskriptif: Menghitung Central Tendency (Mean, Median, Modus) dan Dispersion (Jangkauan, Kuartil, Simpangan Baku). Menjelaskan kapan harus menggunakan Median daripada Mean jika terdapat data ekstrem.', 'Representasi Data Lanjutan: Pengenalan Box Plot untuk melihat kuartil dan outlier, Histogram untuk melihat distribusi frekuensi, serta Scatter Plot (Diagram Pencar) untuk melihat korelasi antara dua variabel numerik.']","['Manakah diagram yang paling tepat untuk menunjukkan persentase pangsa pasar beberapa merek smartphone?', 'a. Diagram Garis', 'b. Scatter Plot', 'c. Pie Chart (Diagram Lingkaran)', 'd. Histogram', '2.Nilai tengah dari data yang telah diurutkan disebut sebagai...', 'a. Mean', 'b. Median', 'c. Modus', 'd. Varians', 'Jika pada sebuah Scatter Plot titik-titik data membentuk pola garis yang naik dari kiri bawah ke kanan atas, maka terdapat korelasi...', 'a. Negatif', 'b. Positif', 'c. Tidak ada korelasi', 'd. Konstan']",https://buku.kemendikdasmen.go.id/katalog/matematika-untuk-smamasmkmak-kelas-x-edisi-revisi
SMA,X,Matematika untuk SMA/MA/SMK/MAK Kelas X (Edisi Revisi),Peluang,"['Distribusi Peluang', 'Aturan Penjumlahan', 'Aturan Perkalian']","Bab ini membahas mengenai kemungkinan terjadinya suatu peristiwa. Siswa akan mempelajari cara menghitung ruang sampel, menentukan peluang suatu kejadian tunggal maupun majemuk, serta memahami bagaimana aturan penjumlahan dan perkalian digunakan untuk menyelesaikan masalah peluang yang lebih kompleks.","['Analisis Risiko: Memprediksi peluang terjadinya gagal bayar (default) pada pinjaman bank.', 'Game Development: Menghitung drop rate item langka dalam sebuah peti harta karun (gacha system).', 'Ramalan Cuaca: Menentukan probabilitas curah hujan berdasarkan data historis cuaca.']","['Distribusi Peluang: Menjelaskan tentang ruang sampel (S) dan kejadian (A). Peluang kejadian A didefinisikan sebagai P(A)=/n(A){n(S). Materi juga mencakup distribusi peluang dari variabel acak diskrit.', 'Aturan Penjumlahan: Digunakan untuk kejadian yang bersifat ""Atau"". Membahas Kejadian Saling Lepas (P(A \\cup B)=P(A)+P(B)) dan Kejadian Tidak Saling Lepas.', 'Aturan Perkalian: Digunakan untuk kejadian yang bersifat ""Dan"". Membahas Kejadian Saling Bebas (P(A \\cap B)=P(A) x P(B)), di mana terjadinya satu kejadian tidak mempengaruhi kejadian lainnya.']","['Dua buah dadu dilempar bersamaan sekali. Peluang munculnya mata dadu berjumlah 5 adalah...', 'a./1{36', 'b./1{9', 'c./1{6', 'd./1{4', 'Jika peluang hari ini hujan adalah 0,3, maka peluang hari ini tidak hujan adalah...', 'a. 0,3', 'b. 0,5', 'c. 0,7', 'd. 1,0', 'Dalam sebuah kotak terdapat 3 bola merah dan 2 bola putih. Jika diambil dua bola satu per satu dengan pengembalian, peluang terambilnya keduanya bola merah adalah...', 'a./9{25', 'b./6{25', 'c./4{25', 'd./3{25']",https://buku.kemendikdasmen.go.id/katalog/matematika-untuk-smamasmkmak-kelas-x-edisi-revisi
SMA,XII,Matematika untuk SMA/SMK/MA Kelas XII,Transformasi Fungsi,"['Translasi', 'Refleksi', 'Dilatasi', 'Rotasi', 'Kombinasi Transformasi Fungsi']","Bab ini membahas perubahan posisi, ukuran, dan orientasi dari grafik suatu fungsi. Siswa akan mempelajari bagaimana memanipulasi persamaan fungsi $f(x)$ untuk menghasilkan grafik baru melalui pergeseran, pencerminan, penskalaan, dan perputaran, serta memahami efek gabungan dari berbagai jenis transformasi tersebut.","['Computer Graphics: Mengatur posisi dan ukuran objek dalam desain grafis atau aset game.', 'Arsitektur: Mendesain pola simetris pada bangunan menggunakan konsep refleksi dan rotasi.', 'Signal Processing: Mengubah frekuensi atau amplitudo gelombang suara (dilatasi) dalam pengeditan audio.']","['Translasi: Pergeseran grafik fungsi sejauh a satuan secara horizontal dan b satuan secara vertikal. Jika y=f(x) ditranslasi oleh (a, b), maka fungsi barunya adalah y-b=f(x-a).', 'Refleksi: Pencerminan grafik fungsi terhadap sumbu X, sumbu Y, atau garis lainnya. Misalnya, refleksi terhadap sumbu X mengubah f(x) menjadi-f(x).', 'Dilatasi: Transformasi yang memperbesar atau memperkecil grafik fungsi. Dilatasi vertikal dinyatakan dengan y=k*f(x), sedangkan horizontal dengan y=f(k*x).', 'Rotasi: Perputaran grafik fungsi terhadap titik pusat tertentu dengan sudut tertentu. Membahas perubahan koordinat titik-titik pada grafik akibat rotasi.', 'Kombinasi Transformasi: Menerapkan lebih dari satu jenis transformasi pada satu fungsi secara berurutan dan menentukan persamaan akhir fungsinya.']","['Jika fungsi f(x)=x^2+2x-3 digeser sejauh 2 satuan ke kanan dan 3 satuan ke atas, maka persamaan fungsi barunya adalah...', 'a. y=(x-2)^2+2(x-2)', 'b. y=(x-2)^2+2(x-2)+3', 'c. y=(x+2)^2+2(x+2)-3', 'd. y=(x-2)^2+2(x-2)-6', 'Hasil refleksi fungsi f(x)=3x+5 terhadap sumbu X adalah...', 'a. y=-3x+5', 'b. y=3x-5', 'c. y=-3x-5', 'd. y=3(-x)+5', 'Grafik fungsi f(x)=|x| mengalami dilatasi vertikal dengan faktor skala 2. Persamaan bayangannya adalah...', 'a. y=|2x|', 'b. y=2|x|', 'c. y=/1{2|x|', 'd. y=|x|+2']",https://buku.kemendikdasmen.go.id/katalog/matematika-untuk-smasmkma-kelas-xii
SMA,XII,Matematika untuk SMA/SMK/MA Kelas XII,Busur dan Juring Lingkaran,"['Busur Lingkaran', 'Juring Lingkaran', 'Hubungan Panjang Busur dan Luas Juring']","Bab ini membahas bagian-bagian dari lingkaran, khususnya garis lengkung (busur) dan daerah luasan yang dibatasi oleh dua jari-jari (juring). Fokus utama materi adalah menghitung panjang busur dan luas juring menggunakan perbandingan sudut pusat terhadap sudut satu putaran penuh ($360^\circ$), serta memahami hubungan proporsional di antara keduanya. ","['Navigasi: Menghitung jarak tempuh kapal atau pesawat yang mengikuti kelengkungan bumi (busur besar).', 'Desain Infrastruktur: Perancangan tikungan jalan raya atau rel kereta api yang menggunakan konsep busur lingkaran.', 'Kuliner & Industri: Pembagian potongan pizza atau kue secara adil berdasarkan sudut pusat (juring).']","['Busur Lingkaran: Bagian dari keliling lingkaran. Panjangnya dihitung dengan rumus: L=/\\theta{360^\\circ x 2pi r.', 'Juring Lingkaran: Daerah yang dibatasi oleh busur dan dua jari-jari. Luasnya dihitung dengan rumus: A=/\\theta{360^\\circ x pi r^2.', 'Hubungan Busur & Juring: Terdapat hubungan perbandingan senilai:/\\text{Panjang Busur AB{\\text{Keliling Lingkaran=/\\text{Luas Juring OAB{\\text{Luas Lingkaran=/\\text{Sudut Pusat{360^\\circ.']","['Sebuah lingkaran memiliki jari-jari 14 cm. Jika sudut pusat sebuah busur adalah 90^\\circ, maka panjang busur tersebut adalah...', 'a. 11 cm', 'b. 22 cm', 'c. 44 cm', 'd. 88 cm', 'Diketahui luas sebuah juring lingkaran adalah 154 \\text{ cm^2 dengan sudut pusat 45^\\circ. Luas seluruh lingkaran tersebut adalah...', 'a. 308 \\text{ cm^2', 'b. 616 \\text{ cm^2', 'c. 1.232 \\text{ cm^2', 'd. 1.540 \\text{ cm^2', 'Jika panjang busur AB adalah 10 cm dan keliling lingkaran adalah 60 cm, maka besar sudut pusat AOB adalah...', 'a. 30^\\circ', 'b. 45^\\circ', 'c. 60^\\circ', 'd. 90^\\circ']",https://buku.kemendikdasmen.go.id/katalog/matematika-untuk-smasmkma-kelas-xii
SMA,XII,Matematika untuk SMA/SMK/MA Kelas XII,Kombinatorika,"['Aturan Pengisian Tempat (Filling Slots)', 'Permutasi', 'Kombinasi', 'Peluang Suatu Kejadian', 'Peluang Kejadian Majemuk', 'Peluang Kejadian Majemuk Saling Bebas Bersyarat']","Bab ini membahas teknik mencacah atau menghitung banyaknya cara penyusunan objek-objek dalam suatu himpunan tanpa harus mendaftarnya satu per satu. Pembahasan dimulai dari prinsip dasar membilang, perbedaan urutan (permutasi vs kombinasi), hingga perhitungan probabilitas untuk kejadian tunggal maupun majemuk yang saling memengaruhi.","['Cybersecurity: Menentukan banyaknya kombinasi password yang mungkin untuk menguji ketahanan sistem.', 'Logistik: Mengoptimalkan rute pengiriman barang (masalah Traveling Salesman) menggunakan prinsip permutasi.', 'Data Analytics: Menghitung probabilitas munculnya churn rate atau perilaku pengguna tertentu berdasarkan data historis.']","['Aturan Pengisian Tempat: Menggunakan prinsip perkalian jika suatu aktivitas terdiri dari beberapa tahap yang berurutan.', 'Permutasi: Penyusunan objek dengan memperhatikan urutan (AB ≠ BA). Rumus: P(n, r)=/n!{(n-r)!.', 'Kombinasi: Penyusunan objek dengan tidak memperhatikan urutan (AB=BA). Rumus: C(n, r)=/n!{r!(n-r)!.', 'Peluang Kejadian Majemuk: Menghitung probabilitas gabungan dua kejadian atau lebih, baik yang saling lepas, tidak saling lepas, maupun saling bebas.', 'Saling Bebas Bersyarat: Peluang terjadinya kejadian B dengan syarat kejadian A telah terjadi sebelumnya (P(B|A)).']","['Banyaknya bilangan yang terdiri dari 3 angka berbeda yang dapat dibentuk dari angka-angka 1, 2, 3, 4, 5, dan 6 adalah...', 'a. 120', 'b. 180', 'c. 216', 'd. 360', 'Dari 10 orang siswa akan dipilih 3 orang untuk menjadi pengurus kelas (Ketua, Sekretaris, Bendahara). Banyaknya cara pemilihan adalah...', 'a. 120', 'b. 360', 'c. 720', 'd. 1.000', 'Dua buah dadu dilambungkan bersama-sama. Peluang muncul mata dadu pertama angka 3 dan mata dadu kedua angka 5 adalah...', 'a./1{6', 'b./1{12', 'c./1{36', 'd./1{18']",https://buku.kemendikdasmen.go.id/katalog/matematika-untuk-smasmkma-kelas-xii
SMA,XII,Matematika Tingkat Lanjut untuk SMA/MA Kelas XII,Geometri Analitik,"['Lingkaran dan Garis Singgung: Definisi, Persamaan Lingkaran, Kedudukan Titik/Garis terhadap Lingkaran, Persamaan Garis Singgung, Kedudukan Dua Lingkaran.', 'Irisan Kerucut: Parabola, Elips, Hiperbola, dan Garis Singgung pada Irisan Kerucut.']","Bab ini mengeksplorasi representasi analitik dari kurva-kurva geometri. Dimulai dari lingkaran dan garis singgungnya, kemudian berlanjut ke keluarga irisan kerucut (parabola, elips, dan hiperbola). Siswa belajar menurunkan persamaan, menganalisis elemen-elemen kurva (titik fokus, direktriks, asimtot), serta kedudukan garis terhadap kurva tersebut.","['Astronomi: Menghitung orbit planet (elips) dan lintasan komet (hiperbola atau parabola) di tata surya.', 'Teknologi Radar: Pemanfaatan sifat reflektif parabola pada antena satelit dan teleskop radio.', 'Sistem Navigasi (LORAN): Menggunakan sifat hiperbola untuk menentukan posisi kapal atau pesawat berdasarkan perbedaan waktu penerimaan sinyal.']","['Lingkaran: Persamaan standar (x-h)^2+(y-k)^2=r^2 dan bentuk umum x^2+y^2+Ax+By+C=0. Pembahasan mencakup garis singgung yang melalui satu titik pada lingkaran maupun dengan gradien tertentu.', 'Irisan Kerucut:*Parabola: Himpunan titik yang jaraknya sama terhadap titik fokus dan garis direktriks.', 'Elips: Himpunan titik yang jumlah jaraknya ke dua titik fokus adalah konstan.', 'Hiperbola: Himpunan titik yang selisih jaraknya ke dua titik fokus adalah konstan.']","['Persamaan lingkaran yang berpusat di titik (0,0) dan melalui titik (3, 4) adalah...', 'a. x^2+y^2=7', 'b. x^2+y^2=12', 'c. x^2+y^2=25', 'd. x^2+y^2=49', 'Manakah persamaan berikut yang merepresentasikan sebuah elips horizontal dengan pusat di (0,0)?', 'a. x^2+y^2=16', 'b./x^2{25+/y^2{9=1', 'c./x^2{9-/y^2{16=1', 'd. y=4x^2', 'Titik fokus dari parabola dengan persamaan y^2=16x adalah...', 'a. (4, 0)', 'b. (0, 4)', 'c. (-4, 0)', 'd. (0,-4)']",https://buku.kemendikdasmen.go.id/katalog/matematika-tingkat-lanjut-untuk-smama-kelas-xii
SMA,XII,Matematika Tingkat Lanjut untuk SMA/MA Kelas XII,Limit,"['Definisi Limit Fungsi', 'Sifat-sifat Limit Fungsi', 'Limit Fungsi Aljabar', 'Limit Fungsi Trigonometri', 'Aplikasi Limit Fungsi']","Bab ini memperkenalkan konsep limit sebagai pendekatan nilai fungsi saat variabelnya mendekati titik tertentu. Siswa mempelajari teknik penyelesaian limit aljabar melalui substitusi, pemfaktoran, dan perkalian sekawan, serta pengenalan limit trigonometri dasar. Selain itu, bab ini membahas penerapan limit dalam menentukan gradien garis singgung dan laju perubahan dalam kehidupan sehari-hari.","['Ekonomi: Menentukan biaya marginal atau keuntungan maksimal ketika produksi mendekati kapasitas tertentu.', 'Fisika: Menghitung kecepatan sesaat sebuah objek yang bergerak berdasarkan fungsi posisinya.', 'Teknologi: Algoritma kompresi data yang bekerja dengan meminimalkan error hingga mendekati batas tertentu.']","['Definisi & Sifat: Memahami limit secara intuitif dan menggunakan sifat-sifat dasar (penjumlahan, perkalian, konstanta) untuk mempermudah perhitungan.', 'Limit Aljabar: Strategi penyelesaian jika hasil substitusi langsung adalah bentuk tak tentu (0/0), seperti pemfaktoran atau merasionalkan bentuk akar.', 'Limit Trigonometri: Penggunaan rumus dasar seperti \\lim_{x \\to 0/\\sin x{x=1 dan \\lim_{x \\to 0/\\tan x{x=1.', 'Aplikasi: Penggunaan limit dalam mendefinisikan turunan pertama suatu fungsi.']","['Nilai dari \\lim_{x \\to 3/x^2-9{x-3 adalah...', 'a. 0', 'b. 3', 'c. 6', 'd. 9', 'Hasil dari \\lim_{x \\to 0/\\sin 4x{2x adalah...', 'a. 1', 'b. 2', 'c. 4', 'd. 8', 'Bentuk \\lim_{h \\to 0/f(x+h)-f(x){h merupakan definisi dari...', 'a. Integral fungsi', 'b. Kontinuitas fungsi', 'c. Turunan fungsi', 'd. Nilai maksimum fungsi']",https://buku.kemendikdasmen.go.id/katalog/matematika-tingkat-lanjut-untuk-smama-kelas-xii
SMA,XII,Matematika Tingkat Lanjut untuk SMA/MA Kelas XII,Turunan Fungsi,"['Definisi Turunan Fungsi', 'Sifat-Sifat Turunan Fungsi', 'Aplikasi Turunan (Garis Singgung & Fungsi Naik/Turun)', 'Aplikasi Turunan di Berbagai Bidang Ilmu']","Bab ini membahas konsep dasar kalkulus diferensial. Siswa belajar bagaimana menentukan laju perubahan sesaat dari suatu fungsi melalui definisi limit, menguasai aturan-aturan hitung turunan, serta menggunakan turunan untuk memecahkan masalah optimasi (nilai maksimum/minimum) dan menentukan kemiringan garis di suatu titik kurva.","['Data Science: Mengoptimalkan fungsi loss pada model kecerdasan buatan agar akurasi meningkat.', 'Fisika: Menentukan percepatan benda berdasarkan fungsi kecepatannya.', 'Ekonomi: Menghitung biaya marginal dan titik impas (break-even point) produksi.']","[""Definisi: Turunan fungsi f(x) didefinisikan sebagai f'(x)=\\lim_{h \\to 0/f(x+h)-f(x){h."", ""Sifat & Aturan: Aturan pangkat (x^n \\to nx^{n-1), aturan perkalian (uv'+u'v), dan aturan pembagian."", 'Aplikasi: Menentukan titik stasioner, kecekungan kurva, serta menyelesaikan masalah kontekstual yang berkaitan dengan nilai ekstrem.']","['Turunan pertama dari fungsi f(x)=3x^2-5x+2 adalah...', ""a. f'(x)=3x-5"", ""b. f'(x)=6x-5"", ""c. f'(x)=6x+2"", ""d. f'(x)=x^2-5"", 'Persamaan garis singgung kurva y=x^2 di titik (2, 4) memiliki gradien sebesar...', 'a. 2', 'b. 4', 'c. 8', 'd. 1', 'Sebuah peluru ditembakkan ke atas dengan tinggi h(t)=40t-5t^2. Tinggi maksimum yang dapat dicapai peluru tersebut adalah...', 'a. 40 meter', 'b. 60 meter', 'c. 80 meter', 'd. 100 meter']",https://buku.kemendikdasmen.go.id/katalog/matematika-tingkat-lanjut-untuk-smama-kelas-xii
SMA,XII,Matematika Tingkat Lanjut untuk SMA/MA Kelas XII,Integral,"['Integral Tak Tentu', 'Integral Tentu', 'Penerapan Integral']","Bab ini membahas konsep dasar kalkulus integral sebagai invers dari turunan. Siswa mempelajari teknik integrasi untuk fungsi aljabar sederhana, memahami teorema dasar kalkulus untuk menghitung integral tentu dengan batas-batas tertentu, serta menerapkan konsep tersebut untuk menghitung luas daerah di bawah kurva dan volume benda putar.","['Ekonomi: Menghitung total surplus konsumen dan produsen dalam analisis pasar.', 'Fisika: Menentukan posisi benda jika fungsi kecepatannya diketahui (akumulasi jarak).', 'Data Science: Menghitung Probability Density Function (PDF) untuk menentukan peluang dalam rentang nilai tertentu.']","['Integral Tak Tentu: Mencari fungsi asal F(x) dari suatu turunan f(x). Rumus dasar: \\int x^n dx=/1{n+1 x^{n+1+C.', 'Integral Tentu: Integral yang memiliki batas atas (b) dan batas bawah (a), digunakan untuk menghasilkan nilai numerik tertentu. Rumus: \\int_{a^{b f(x) dx=F(b)-F(a).', 'Penerapan: Fokus pada menghitung luas daerah yang dibatasi oleh kurva fungsi dan sumbu koordinat atau antara dua kurva.']","['Hasil dari \\int (6x^2-4x+3) dx adalah...', 'a. 2x^3-2x^2+3x+C', 'b. 6x^3-4x^2+3x+C', 'c. 3x^3-2x^2+3x+C', 'd. 2x^3-4x^2+3x+C', 'Nilai dari \\int_{1^{2 3x^2 dx adalah...', 'a. 3', 'b. 7', 'c. 8', 'd. 9', 'Luas daerah yang dibatasi oleh kurva y=x^2, sumbu X, garis x=0, dan x=3 adalah...', 'a. 3 satuan luas', 'b. 6 satuan luas', 'c. 9 satuan luas', 'd. 27 satuan luas']",https://buku.kemendikdasmen.go.id/katalog/matematika-tingkat-lanjut-untuk-smama-kelas-xii
SMA,XII,Matematika Tingkat Lanjut untuk SMA/MA Kelas XII,Analisis Data dan Peluang,"['Distribusi Seragam (Uniform)', 'Distribusi Binomial', 'Distribusi Normal']","Bab ini membahas berbagai bentuk distribusi peluang yang sering ditemui dalam fenomena statistik. Siswa mempelajari karakteristik distribusi diskrit (seragam dan binomial) serta distribusi kontinu (normal), termasuk cara menghitung nilai harapan (expected value) dan menggunakan tabel Z untuk menentukan probabilitas pada data yang berdistribusi normal.","['Quality Control: Menggunakan Distribusi Binomial untuk menghitung peluang ditemukannya produk cacat dalam satu batch produksi.', 'Psikologi/Pendidikan: Menggunakan Distribusi Normal untuk standarisasi nilai IQ atau skor ujian nasional.', 'Data Science: Melakukan normalisasi data agar algoritma machine learning dapat bekerja secara optimal.']","['Distribusi Seragam: Kondisi di mana setiap hasil dalam ruang sampel memiliki peluang yang sama besar (misal: melempar satu dadu adil).', 'Distribusi Binomial: Distribusi untuk eksperimen dengan dua kemungkinan hasil (sukses/gagal) yang dilakukan berulang kali secara independen. Rumus: P(X=x)=\\binom{n{x p^x q^{n-x.', 'Distribusi Normal: Distribusi kontinu yang berbentuk lonceng simetris. Fokus pada penggunaan Skor Z (Z=/x-\\mu{\\sigma) untuk menghitung luas area di bawah kurva normal.']","['Manakah di bawah ini yang merupakan ciri utama dari Distribusi Normal?', 'a. Grafiknya miring ke kanan', 'b. Berbentuk lonceng dan simetris terhadap rata-rata (mean)', 'c. Digunakan hanya untuk data diskrit', 'd. Total luas di bawah kurvanya adalah 0,5', 'Dalam 5 kali pelemparan koin, peluang munculnya tepat 3 angka (angka dianggap sukses) dihitung menggunakan...', 'a. Distribusi Normal', 'b. Distribusi Seragam', 'c. Distribusi Binomial', 'd. Distribusi Eksponensial', 'Jika diketahui rata-rata (\\mu) adalah 50 dan simpangan baku (\\sigma) adalah 5, maka nilai Z-score untuk data x=60 adalah...', 'a. 1', 'b. 2', 'c. 5', 'd. 10']",https://buku.kemendikdasmen.go.id/katalog/matematika-tingkat-lanjut-untuk-smama-kelas-xii
SMA,XI,Matematika Tingkat Lanjut untuk SMA/MA Kelas XI,Matriks,"['Jenis-Jenis Matriks', 'Kesamaan Dua Matriks', 'Penjumlahan dan Pengurangan Antar Matriks', 'Perkalian Matriks (Skalar dan Antarmatriks)', 'Determinan dan Invers Matriks']","Bab ini memperkenalkan matriks sebagai susunan bilangan dalam baris dan kolom. Siswa belajar mengidentifikasi berbagai jenis matriks, melakukan operasi aritmetika dasar pada matriks, serta memahami konsep determinan dan invers yang digunakan untuk menyelesaikan sistem persamaan linear.","['Data Engineering: Transformasi data dalam skala besar menggunakan operasi aljabar linear.', 'Computer Graphics: Melakukan rotasi, translasi, dan scaling pada objek 3D atau gambar digital.', 'Kriptografi: Menyembunyikan pesan (enkripsi) menggunakan perkalian matriks dan inversnya.']","['Jenis Matriks: Matriks nol, baris, kolom, persegi, diagonal, identitas, dan transpose matriks.', 'Operasi Matriks: Penjumlahan/pengurangan dilakukan pada elemen yang seletak. Perkalian matriks A x B hanya bisa dilakukan jika jumlah kolom A sama dengan jumlah baris B.', 'Determinan (det): Nilai skalar yang mencirikan matriks persegi. Untuk matriks 2 x 2, det(A)=ad-bc.', 'Invers (A^{-1): Matriks kebalikan yang jika dikalikan dengan matriks asalnya menghasilkan matriks identitas (I).']","['Jika matriks A=\\begin{pmatrix 2 & 1 \\\\ 4 & 3 \\end{pmatrix, maka transpose dari matriks A (A^T) adalah...', 'a. \\begin{pmatrix 4 & 3 \\\\ 2 & 1 \\end{pmatrix', 'b. \\begin{pmatrix 2 & 4 \\\\ 1 & 3 \\end{pmatrix', 'c. \\begin{pmatrix 1 & 2 \\\\ 3 & 4 \\end{pmatrix', 'd. \\begin{pmatrix 3 & 1 \\\\ 4 & 2 \\end{pmatrix', 'Dua matriks A dan B dapat dikalikan (A x B) apabila...', 'a. Jumlah baris A=jumlah baris B', 'b. Jumlah kolom A=jumlah kolom B', 'c. Jumlah kolom A=jumlah baris B', 'd. Ordo kedua matriks harus sama', 'Determinan dari matriks M=\\begin{pmatrix 5 & 2 \\\\ 3 & 2 \\end{pmatrix adalah...', 'a. 4', 'b. 6', 'c. 10', 'd. 16']",https://buku.kemendikdasmen.go.id/katalog/matematika-tingkat-lanjut-untuk-sma-ma-kelas-xi-edisi-revisi
SMA,XI,Matematika Tingkat Lanjut untuk SMA/MA Kelas XI,Polinomial,"['Polinomial dan Fungsi Polinomial', 'Penjumlahan, Pengurangan, dan Perkalian Polinomial', 'Pembagian Polinomial (Metode Bersusun dan Horner)', 'Faktor dan Pembuat Nol Polinomial', 'Identitas Polinomial']","Bab ini membahas tentang suku banyak atau polinomial, mulai dari definisi derajat dan koefisien, hingga operasi aljabar pada polinomial. Fokus utama bab ini adalah teknik pembagian polinomial menggunakan metode Horner, pencarian akar-akar (pembuat nol) melalui Teorema Sisa dan Teorema Faktor, serta pembuktian identitas polinomial.","['Data Modeling: Membuat fungsi matematika yang dapat mengikuti pola persebaran data yang kompleks (Polynomial Regression).', 'Teknik Sipil: Menghitung lengkungan jembatan atau konstruksi jalan raya agar memiliki tingkat kemiringan yang aman.', 'Grafika Komputer: Digunakan dalam pembuatan kurva Bezier untuk desain grafis dan animasi karakter.']","['Definisi: Polinomial adalah ekspresi aljabar dalam bentuk a_n x^n+a_{n-1 x^{n-1+\\dots+a_0.', 'Operasi: Penjumlahan dan pengurangan dilakukan pada suku-suku dengan derajat yang sama. Perkalian menggunakan sifat distributif.', 'Pembagian: Menggunakan Teorema Sisa: jika P(x) dibagi (x-c), maka sisanya adalah P(c). Metode Horner sangat efisien untuk pembagian dengan pembagi linear.', 'Pembuat Nol: Nilai x yang menyebabkan f(x)=0. Ini berkaitan erat dengan faktor dari polinomial tersebut.']","['Derajat dari polinomial 3x^4-2x^3+x-7 adalah...', 'a. 1', 'b. 2', 'c. 3', 'd. 4', 'Sisa pembagian P(x)=x^3-2x^2+5 oleh (x-2) adalah...', 'a. 0', 'b. 5', 'c. 10', 'd. 13', 'Jika (x-1) adalah faktor dari x^2+kx-5=0, maka nilai k adalah...', 'a. 4', 'b.-4', 'c. 5', 'd.-5']",https://buku.kemendikdasmen.go.id/katalog/matematika-tingkat-lanjut-untuk-sma-ma-kelas-xi-edisi-revisi
SMA,XI,Matematika Tingkat Lanjut untuk SMA/MA Kelas XI,Fungsi Trigonometri,"['Fungsi Trigonometri dan Lingkaran Satuan', 'Grafik Fungsi Trigonometri (Sinus, Kosinus, Tangen)', 'Identitas Trigonometri', 'Aturan Sinus', 'Aturan Kosinus']","Bab ini membahas trigonometri sebagai fungsi yang memetakan sudut ke nilai perbandingan panjang. Pembahasan dimulai dari lingkaran satuan untuk mendefinisikan nilai trigonometri di berbagai kuadran, memvisualisasikan fungsi tersebut dalam grafik periodik, membuktikan identitas dasar, hingga menerapkan aturan sinus dan kosinus untuk menyelesaikan masalah pada segitiga sembarang.","['Signal Processing: Memodelkan gelombang suara, cahaya, atau sinyal radio yang bersifat periodik.', 'Sains Data: Menggunakan transformasi Fourier untuk menganalisis data deret waktu (time series) yang memiliki pola musiman.', 'Robotik: Menghitung pergerakan sendi lengan robot (kinematika) menggunakan aturan sinus dan kosinus.']","['Lingkaran Satuan: Menentukan nilai \\sin \\theta sebagai koordinat y dan \\cos \\theta sebagai koordinat x pada lingkaran berjari-jari 1.', 'Grafik Fungsi: Memahami bentuk gelombang sinus dan kosinus, serta karakteristiknya seperti amplitudo, periode, dan pergeseran fase.', 'Identitas Trigonometri: Rumus-rumus dasar seperti \\sin^2 \\theta+\\cos^2 \\theta=1 dan hubungannya dengan fungsi kebalikan (sec, cosec, cotan).', 'Aturan Sinus & Kosinus: Alat untuk menghitung sisi atau sudut pada segitiga yang bukan siku-siku. Aturan Kosinus: a^2=b^2+c^2-2bc \\cos A.']","['Nilai dari \\sin 150^\\circ adalah...', 'a./1{2', 'b.-/1{2', 'c./1{2sqrt{3', 'd.-/1{2sqrt{3', 'Periode dari grafik fungsi f(x)=\\sin 2x adalah...', 'a. 90^\\circ', 'b. 180^\\circ', 'c. 360^\\circ', 'd. 720^\\circ', 'Pada segitiga ABC, jika a=4, b=6, dan sudut C=60^\\circ, maka panjang sisi c dapat dicari menggunakan...', 'a. Aturan Sinus', 'b. Aturan Kosinus', 'c. Teorema Pythagoras saja', 'd. Identitas Trigonometri']",https://buku.kemendikdasmen.go.id/katalog/matematika-tingkat-lanjut-untuk-sma-ma-kelas-xi-edisi-revisi
SMA,XI,Matematika Tingkat Lanjut untuk SMA/MA Kelas XI,Vektor,"['Vektor pada Bidang', 'Hasil Kali Titik (Dot Product)', 'Pembuktian Geometris']","Bab ini memperkenalkan konsep vektor sebagai besaran yang memiliki nilai dan arah. Siswa mempelajari representasi vektor secara grafis maupun analitis (komponen), melakukan operasi vektor (penjumlahan, pengurangan, dan perkalian skalar), memahami sifat hasil kali titik untuk menentukan sudut antara dua vektor, serta menggunakan alat vektor untuk membuktikan berbagai teorema geometri secara matematis.","['Machine Learning: Menghitung jarak atau kemiripan antar dokumen/data menggunakan vektor ruang.', 'Game Development: Mengatur pergerakan karakter, arah tembakan, dan deteksi tabrakan antar objek dalam ruang 2D atau 3D.', 'Navigasi: Menentukan arah dan kecepatan kapal atau pesawat yang dipengaruhi oleh arus laut atau angin.']","['Vektor pada Bidang: Representasi vektor dalam bentuk \\vec{a=\\begin{pmatrix x \\\\ y \\end{pmatrix atau x\\mathbf{i+y\\mathbf{j. Mencakup perhitungan panjang (magnitudo) vektor menggunakan rumus sqrt{x^2+y^2.', 'Hasil Kali Titik: Operasi perkalian dua vektor yang menghasilkan skalar. \\vec{a*\\vec{b=|\\vec{a| |\\vec{b| \\cos \\theta. Digunakan untuk mengecek apakah dua vektor tegak lurus (jika hasil kali titik=0).', 'Pembuktian Geometris: Menggunakan sifat-sifat vektor (seperti sifat komutatif dan distributif) untuk membuktikan hubungan antar garis, titik tengah, atau bangun datar dalam geometri.']","['Jika diketahui vektor \\vec{u=\\begin{pmatrix 3 \\\\-4 \\end{pmatrix, maka panjang (magnitudo) vektor \\vec{u adalah...', 'a. 1', 'b. 5', 'c. 7', 'd. 25', 'Hasil kali titik (dot product) antara vektor \\vec{a=\\begin{pmatrix 2 \\\\ 3 \\end{pmatrix dan \\vec{b=\\begin{pmatrix 4 \\\\-1 \\end{pmatrix adalah...', 'a. 5', 'b. 11', 'c.-1', 'd. 10', 'Dua buah vektor \\vec{p dan \\vec{q dikatakan tegak lurus (ortogonal) apabila nilai hasil kali titik keduanya adalah...', 'a.-1', 'b. 0', 'c. 1', 'd. Tak hingga']",https://buku.kemendikdasmen.go.id/katalog/matematika-tingkat-lanjut-untuk-sma-ma-kelas-xi-edisi-revisi
SMA,XI,Matematika Tingkat Lanjut untuk SMA/MA Kelas XI,Transformasi Geometri,"['Transformasi pada Bidang Kartesius (Translasi, Refleksi, Rotasi, Dilatasi)', 'Kaitan Matriks dengan Transformasi', 'Komposisi Transformasi dengan Matriks']","Bab ini membahas perubahan posisi dan ukuran objek pada bidang Kartesius. Siswa mempelajari empat jenis transformasi dasar dan bagaimana menyatakan setiap transformasi tersebut dalam bentuk perkalian matriks. Selain itu, bab ini mengajarkan cara menghitung hasil dari beberapa transformasi yang dilakukan secara berurutan (komposisi) menggunakan operasi perkalian matriks yang efisien.","['Computer Vision: Melakukan augmentasi data (memutar atau menggeser gambar) untuk melatih model Machine Learning agar lebih akurat.', 'Animasi & Game: Menggerakkan karakter (translasi) atau memperbesar tampilan kamera (dilatasi) secara matematis melalui kartu grafis (GPU).', 'Robotika: Menghitung koordinat baru dari ujung lengan robot setelah melakukan rotasi pada sendinya.']","['Transformasi Dasar: Mempelajari Translasi (pergeseran), Refleksi (pencerminan terhadap sumbu x, y, atau garis y=x), Rotasi (perputaran terhadap titik pusat), dan Dilatasi (perubahan skala).', 'Matriks Transformasi: Setiap transformasi (kecuali translasi pada koordinat standar) dapat direpresentasikan oleh matriks 2 x 2. Misalnya, refleksi terhadap sumbu x menggunakan matriks \\begin{pmatrix 1 & 0 \\\\ 0 &-1 \\end{pmatrix.', 'Komposisi Transformasi: Jika titik P ditransformasikan oleh T_1 lalu dilanjutkan T_2, maka posisi akhirnya dapat dicari dengan mengalikan matriks transformasinya: M_{total=M_2 x M_1.']","['Matriks yang bersesuaian dengan transformasi refleksi terhadap sumbu Y adalah...', 'a. \\begin{pmatrix 1 & 0 \\\\ 0 &-1 \\end{pmatrix', 'b. \\begin{pmatrix-1 & 0 \\\\ 0 & 1 \\end{pmatrix', 'c. \\begin{pmatrix 0 & 1 \\\\ 1 & 0 \\end{pmatrix', 'd. \\begin{pmatrix-1 & 0 \\\\ 0 &-1 \\end{pmatrix', 'Bayangan titik (2, 5) oleh translasi T=\\begin{pmatrix 3 \\\\-2 \\end{pmatrix adalah...', 'a. (5, 3)', 'b. (5, 7)', 'c. (-1, 7)', 'd. (6,-10)', 'Jika suatu objek didilatasi dengan faktor skala k=2 terhadap pusat (0,0), maka luas bayangan objek tersebut menjadi... kali luas semula.', 'a. 2', 'b. 4', 'c. 8', 'd. Tetap']",https://buku.kemendikdasmen.go.id/katalog/matematika-tingkat-lanjut-untuk-sma-ma-kelas-xi-edisi-revisi
SMA,XI,Matematika Tingkat Lanjut untuk SMA/MA Kelas XI,Fungsi Dan Pemodelannya,"['Fungsi Logaritma', 'Fungsi Aljabar (Polinomial, Rasional, Akar)', 'Fungsi Non-aljabar (Eksponensial, Trigonometri)']","Bab ini membahas berbagai jenis fungsi yang digunakan dalam pemodelan matematika. Fokus utamanya adalah memahami karakteristik unik dari setiap fungsi, cara menggambar grafiknya, serta bagaimana memilih jenis fungsi yang tepat untuk menggambarkan fenomena nyata seperti pertumbuhan populasi, peluruhan zat, atau skala kekuatan gempa.","['Analisis Data: Melakukan transformasi logaritma pada data yang memiliki rentang nilai sangat besar agar lebih mudah dianalisis (normalisasi).', 'Keuangan: Menggunakan fungsi eksponensial untuk memodelkan pertumbuhan investasi dengan bunga majemuk.', 'Teknik: Menggunakan fungsi rasional untuk memodelkan hubungan antara tekanan dan volume gas pada suhu konstan (Hukum Boyle).']","['Fungsi Logaritma: Invers dari fungsi eksponensial. Mempelajari grafik fungsi f(x)=^a\\log x, sifat-sifatnya, dan asimtot tegaknya.', 'Fungsi Aljabar: Pembahasan mencakup fungsi rasional (pecahan aljabar) dan fungsi akar, termasuk cara menentukan domain dan range agar fungsi terdefinisi.', 'Fungsi Non-aljabar: Memantapkan pemahaman tentang fungsi eksponensial dan trigonometri dalam konteks pemodelan masalah yang bersifat siklis atau tumbuh secara cepat.']","['Domain dari fungsi aljabar f(x)=/1{x-2 agar terdefinisi adalah...', 'a. Semua bilangan real', 'b. x \\neq 0', 'c. x \\neq 2', 'd. x>2', 'Jika f(x)=2^x, maka nilai dari f(3) adalah...', 'a. 6', 'b. 8', 'c. 9', 'd. 16', 'Grafik fungsi logaritma f(x)=\\log x akan selalu melewati titik...', 'a. (0, 0)', 'b. (0, 1)', 'c. (1, 0)', 'd. (1, 1)']",https://buku.kemendikdasmen.go.id/katalog/matematika-tingkat-lanjut-untuk-sma-ma-kelas-xi-edisi-revisi
SD,1,Matematika untuk SD/MI Kelas I,Ayo Membilang sampai dengan 10,"['Menghitung, Membaca, dan Menulis Bilangan', 'Membandingkan Banyak Benda', 'Menghitung Maju dan Mundur']","Bab ini menjelaskan terkait pengenalan konsep bilangan dasar melalui benda konkret, mencakup kemampuan membilang, menuliskan lambang bilangan 1-10, serta memahami perbandingan jumlah dan urutan bilangan.",['Menghitung jumlah kelereng di dalam toples atau mengurutkan nomor antrean siswa.'],"['Konsep Korespondensi: Mencocokkan satu benda dengan satu lambang bilangan.', 'Simbol Angka: Mengenal bentuk visual angka 1 hingga 10 dan cara menulisnya dengan urutan yang benar.', 'Perbandingan: Memahami istilah ""lebih banyak"", ""lebih sedikit"", dan ""sama dengan"" melalui observasi visual kelompok benda.', 'Urutan Bilangan: Teknik menghitung maju (1 ke 10) dan menghitung mundur (10 ke 1) untuk memperkuat pemahaman struktur bilangan.']","['Jika ada sekelompok bola berjumlah delapan, manakah lambang bilangan yang tepat?', 'a. 6', 'b. 7', 'c. 8', 'd. 9', 'Perhatikan urutan bilangan berikut: 1, 2, 3, 4, ..., 6. Bilangan yang tepat untuk mengisi titik-titik adalah...', 'a. 3', 'b. 5', 'c. 7', 'd. 8', 'Di atas meja ada 5 jeruk dan 3 apel. Pernyataan yang benar adalah...', 'a. Jeruk lebih sedikit dari apel', 'b. Jeruk sama banyak dengan apel', 'c. Jeruk lebih banyak dari apel', 'd. Apel lebih banyak dari jeruk']",https://buku.kemendikdasmen.go.id/katalog/Matematika-untuk-SDMI-Kelas-I 
SD,1,Matematika untuk SD/MI Kelas I,Penjumlahan sampai dengan 10,"['Cerita Penjumlahan', 'Berbagai Cara Menjumlahkan', 'Kalimat Matematika']","Bab ini berfokus pada pemahaman konsep penjumlahan sebagai proses menggabungkan dua kelompok benda, mengenalkan simbol matematika tambah (+) dan sama dengan (=), serta penyelesaian masalah dengan hasil maksimal 10.",['Menggabungkan koleksi stiker milik dua anak atau menghitung total balon yang dibeli ayah dan ibu.'],"['Makna Penjumlahan: Konsep menambah atau menggabungkan dua kelompok menjadi satu.', 'Simbol Operasi: Penggunaan simbol plus (+) dan sama dengan (=).', 'Strategi Berhitung: Teknik menghitung dengan jari, gambar piktogram, atau melanjutkan hitungan.']","['Ada 4 burung di pohon. Datang lagi 2 burung. Berapa jumlah burung semuanya?', 'a. 4', 'b. 5', 'c. 6', 'd. 7', 'Kalimat matematika yang tepat untuk gabungan dari 3 pensil dan 2 pensil adalah...', 'a. 3+2=5', 'b. 3-2=1', 'c. 3+2=6', 'd. 2+2=4', 'Berapakah hasil dari 5+4=...', 'a. 7', 'b. 8', 'c. 9', 'd. 10']",https://buku.kemendikdasmen.go.id/katalog/Matematika-untuk-SDMI-Kelas-I 
SD,1,Matematika untuk SD/MI Kelas I,Pengurangan sampai dengan 10,"['Cerita Pengurangan', 'Berbagai Cara Mengurangi', 'Hubungan Penjumlahan dan Pengurangan']","Bab ini berfokus pada penguasaan konsep pengurangan sebagai aksi mengambil atau memisahkan benda, mengenalkan simbol kurang (-), serta mengeksplorasi hubungan timbal balik antara operasi penjumlahan dan pengurangan.",['Menghitung sisa buah setelah sebagian diberikan kepada orang lain atau menghitung balon yang pecah dari seluruh balon yang ada.'],"['Makna Pengurangan: Konsep memisahkan, mengambil, atau mencari selisih dari kumpulan benda.', 'Simbol Operasi: Penggunaan simbol minus (-) sebagai representasi proses pengurangan jumlah.', 'Strategi Pengurangan: Teknik coret gambar, menghitung mundur (co']","['Siti memiliki 7 balon. Meletus 3 balon. Berapa sisa balon Siti yang tidak meletus?', 'a. 3', 'b. 4', 'c. 5', 'd. 10', 'Berapakah hasil dari 8-5=...', 'a. 2', 'b. 3', 'c. 4', 'd. 5', 'Kakak punya 6 kue. Dimakan adik 2 kue. Sisa kue kakak adalah...', 'a. 4', 'b. 5', 'c. 6', 'd. 8']",https://buku.kemendikdasmen.go.id/katalog/Matematika-untuk-SDMI-Kelas-I 
SD,1,Matematika untuk SD/MI Kelas I,Bab 4: Bentuk Bangun,"['Mengenal Bentuk Bangun', 'Mengelompokkan Bangun', 'Menyusun dan Mengurai Bangun']","Bab ini berfokus pada identifikasi berbagai bentuk bangun ruang dasar (seperti kubus, balok, bola, dan tabung) di lingkungan sekitar, serta melatih kemampuan visual-spasial siswa dalam menyusun dan mengelompokkan bangun.","['Menjadi detektif bangun dengan mencari benda-benda di dalam kelas yang berbentuk kotak, tabung, atau bola.']","['Identifikasi Bentuk: Mengenal ciri fisik benda (permukaan datar vs lengkung).', 'Klasifikasi: Mengelompokkan benda berdasarkan kemiripan bentuk (misal: kaleng dan pipa sebagai tabung).', 'Konstruksi: Belajar cara menumpuk atau menyusun beberapa bangun m']","['Benda di bawah ini yang memiliki bentuk seperti bola adalah...', 'a. Kotak pensil', 'b. Kelereng', 'c. Buku tulis', 'd. Penghapus', 'Kaleng susu dan pipa air memiliki bentuk yang sama, yaitu...', 'a. Bola', 'b. Kotak', 'c. Tabung', 'd. Kerucut', 'Manakah benda di bawah ini yang memiliki bentuk kotak?', 'a. Semangka', 'b. Dadu', 'c. Botol minum', 'd. Telur']",https://buku.kemendikdasmen.go.id/katalog/Matematika-untuk-SDMI-Kelas-I 
SD,1,Matematika untuk SD/MI Kelas I,Bab 5: Ayo Membilang sampai dengan 20,"['Menghitung, Membaca, dan Menulis Bilangan 11-20', 'Menghitung Kumpulan Benda', 'Nilai Tempat (Puluhan dan Satuan)']","Bab ini berfokus pada perluasan jangkauan bilangan hingga angka 20, memperkenalkan konsep nilai tempat (puluhan dan satuan), serta melatih ketelitian dalam menghitung kumpulan benda dalam jumlah yang lebih besar.",['Menghitung jumlah pensil warna dalam kotak atau menghitung jumlah telur di dalam rak isi 20.'],"['Pengenalan Angka 11-20: Mengenal lambang dan nama bilangan belasan.', 'Nilai Tempat: Memahami bahwa angka 15 terdiri dari 1 puluhan dan 5 satuan.', 'Komposisi Bilangan: Belajar bahwa 10 dan 4 menjadi 14.']","[""Lambang bilangan dari 'lima belas' adalah..."", 'a. 10', 'b. 15', 'c. 51', 'd. 25', 'Angka 17 terdiri dari...', 'a. 1 puluhan dan 7 satuan', 'b. 7 puluhan dan 1 satuan', 'c. 10 puluhan dan 7 satuan', 'd. 1 satuan dan 7 satuan', 'Bilangan yang terletak tepat di antara 12 dan 14 adalah...', 'a. 11', 'b. 13', 'c. 15', 'd. 16']",https://buku.kemendikdasmen.go.id/katalog/Matematika-untuk-SDMI-Kelas-I 
SD,1,Matematika untuk SD/MI Kelas I,Bab 6: Penjumlahan dan Pengurangan sampai dengan 20,"['Penjumlahan Bilangan di atas 10', 'Pengurangan Bilangan di atas 10', 'Soal Cerita Operasi Hitung']",Bab ini berfokus pada pengembangan kemampuan operasi hitung penjumlahan dan pengurangan yang melibatkan bilangan belasan (hasil maksimal 20) menggunakan berbagai strategi hitung.,['Menghitung total permen setelah diberi teman saat permen awal sudah berjumlah 12 biji.'],"['Strategi Simpan di Kepala: Menjumlahkan angka besar dengan meneruskan hitungan.', 'Strategi Membuat Sepuluh: Memudahkan hitungan dengan melengkapi angka menjadi 10 terlebih dahulu.', 'Operasi Campuran: Menyelesaikan masalah sehari-hari yang melibatkan p']","['Hasil dari 12+5=...', 'a. 15', 'b. 16', 'c. 17', 'd. 18', 'Ibu membuat 15 kue, dimakan adik 4 kue. Sisa kue adalah...', 'a. 10', 'b. 11', 'c. 12', 'd. 19', 'Berapakah hasil dari 18-6=...', 'a. 12', 'b. 13', 'c. 14', 'd. 15']",https://buku.kemendikdasmen.go.id/katalog/Matematika-untuk-SDMI-Kelas-I 
SD,1,Matematika untuk SD/MI Kelas I,Bab 7: Mengukur Panjang Benda,"['Membandingkan Panjang Benda secara Langsung', 'Mengukur dengan Satuan Tidak Baku', 'Mengurutkan Benda Berdasarkan Panjang']","Bab ini menjelaskan tentang konsep dasar pengukuran panjang, mulai dari membandingkan dua benda secara visual hingga menggunakan alat ukur sederhana yang ada di sekitar (satuan tidak baku).",['Mengukur panjang meja kelas menggunakan jengkal tangan atau membandingkan tinggi badan antar teman.'],"['Komparasi Langsung: Istilah lebih panjang, lebih pendek, paling tinggi.', 'Satuan Tidak Baku: Menggunakan jengkal, depa, langkah kaki, atau klip kertas untuk mengukur panjang.', 'Estimasi: Memperkirakan panjang suatu benda sebelum diukur.']","['Manakah benda yang biasanya lebih panjang dari pensil?', 'a. Penghapus', 'b. Penggaris kayu', 'c. Rautan', 'd. Klip kertas', 'Alat ukur tidak baku yang menggunakan telapak tangan disebut...', 'a. Langkah', 'b. Depa', 'c. Jengkal', 'd. Meter', 'Jika sapu A lebih panjang dari sapu B, maka sapu B ... dari sapu A.', 'a. Lebih tinggi', 'b. Lebih pendek', 'c. Sama panjang', 'd. Lebih lebar']",https://buku.kemendikdasmen.go.id/katalog/Matematika-untuk-SDMI-Kelas-I 
SD,1,Matematika untuk SD/MI Kelas I,Bab 8: Mengenal Diagram,"['Mengelompokkan Data', 'Membaca Diagram Gambar (Piktogram)', 'Menyajikan Data Sederhana']","Bab ini berfokus pada pengenalan dasar pengolahan data, yaitu kemampuan mengelompokkan benda berdasarkan kategori tertentu dan menyajikannya dalam bentuk gambar yang mudah dibaca.",['Mendata buah kesukaan teman sekelas dan menempelkan gambar buah tersebut di papan tulis sesuai jumlahnya.'],"['Klasifikasi: Menggolongkan benda berdasarkan warna, bentuk, atau jenis.', 'Piktogram: Memahami bahwa satu gambar mewakili satu benda dalam sebuah laporan visual.', 'Analisis Sederhana: Menentukan kategori mana yang paling banyak atau paling sedikit.']","['Dalam diagram buah, ada 5 gambar apel dan 2 gambar jeruk. Buah apa yang paling banyak?', 'a. Jeruk', 'b. Apel', 'c. Pisang', 'd. Mangga', 'Cara mengumpulkan data dengan menanyakan langsung disebut...', 'a. Wawancara', 'b. Menghitung', 'c. Menulis', 'd. Menggambar', 'Jika satu gambar bintang mewakili 1 bintang, maka 4 gambar bintang artinya ada ... bintang.', 'a. 1', 'b. 2', 'c. 3', 'd. 4']",https://buku.kemendikdasmen.go.id/katalog/Matematika-untuk-SDMI-Kelas-I 
SD,2,Matematika untuk SD/MI Kelas II,Bab 1: Ayo Membilang sampai dengan 50,"['Membilang Banyak Benda', 'Membaca dan Menulis Lambang Bilangan', 'Nilai Tempat dan Membandingkan Bilangan']","Bab ini berfokus pada penguatan fondasi bilangan hingga angka 50, mencakup cara membilang benda secara efisien, penulisan lambang bilangan, serta pemahaman nilai tempat puluhan dan satuan untuk membandingkan besaran angka.",['Menghitung jumlah buku di perpustakaan kelas atau mengelompokkan koleksi kelereng dalam kantong berisi 10 butir.'],"['Bilangan 21-50: Mengenal nama dan lambang bilangan di atas 20.', 'Nilai Tempat: Memahami posisi puluhan dan satuan (misal: 42 adalah 4 puluhan dan 2 satuan).', 'Perbandingan: Menggunakan istilah lebih dari, kurang dari, atau sama dengan untuk bilangan d']","[""Lambang bilangan dari 'tiga puluh tujuh' adalah..."", 'a. 30', 'b. 37', 'c. 73', 'd. 47', 'Pada bilangan 45, angka 4 menempati nilai tempat...', 'a. Satuan', 'b. Puluhan', 'c. Ratusan', 'd. Ribuan', 'Bilangan yang lebih besar dari 38 adalah...', 'a. 29', 'b. 35', 'c. 38', 'd. 41']",https://buku.kemendikdasmen.go.id/katalog/matematika-untuk-sdmi-kelas-ii 
SD,2,Matematika untuk SD/MI Kelas II,Bab 2: Penjumlahan dan Pengurangan,"['Penjumlahan Bilangan Dua Angka', 'Pengurangan Bilangan Dua Angka', 'Soal Cerita Operasi Hitung']","Bab ini berfokus pada teknik penjumlahan dan pengurangan bilangan dua angka tanpa menyimpan atau meminjam, serta menerapkan operasi tersebut dalam menyelesaikan masalah praktis sehari-hari.",['Menghitung total uang saku setelah mendapat tambahan atau menghitung sisa barang dagangan di koperasi sekolah.'],"['Penjumlahan Bersusun: Teknik menjumlahkan satuan dengan satuan dan puluhan dengan puluhan.', 'Pengurangan Bersusun: Teknik mengurangkan bilangan dua angka secara vertikal.', 'Logika Soal Cerita: Mengidentifikasi kapan harus menambah atau mengurang berda']","['Hasil dari 23+15=...', 'a. 35', 'b. 38', 'c. 48', 'd. 50', 'Kakak punya 48 stiker, diberikan ke adik 12 stiker. Sisa stiker kakak adalah...', 'a. 36', 'b. 34', 'c. 26', 'd. 60', '30+...=45. Angka yang tepat untuk mengisi titik-titik adalah...', 'a. 10', 'b. 15', 'c. 20', 'd. 25']",https://buku.kemendikdasmen.go.id/katalog/matematika-untuk-sdmi-kelas-ii 
SD,2,Matematika untuk SD/MI Kelas II,Bab 3: Bentuk Bangun,"['Mengenal Bangun Datar', 'Ciri-ciri Bangun Datar', 'Menyusun dan Mengurai Bangun Datar']","Bab ini berfokus pada pengenalan berbagai bentuk bangun datar seperti segitiga, segiempat, dan lingkaran, serta mempelajari ciri-cirinya berdasarkan jumlah sisi dan sudut.",['Membuat pola dekorasi dinding menggunakan potongan kertas berwarna yang berbentuk bangun datar berbeda.'],"['Jenis Bangun Datar: Mengenal segitiga, segiempat (persegi, persegi panjang), dan lingkaran.', 'Unsur Bangun: Menghitung jumlah sisi, sudut, dan titik sudut pada benda.', 'Kreativitas Geometri: Menggabungkan beberapa bangun datar untuk membentuk gambar b']","['Bangun datar yang memiliki 3 sisi dan 3 sudut disebut...', 'a. Segiempat', 'b. Segitiga', 'c. Lingkaran', 'd. Tabung', 'Benda yang memiliki bentuk dasar lingkaran adalah...', 'a. Papan tulis', 'b. Ubin', 'c. Roda sepeda', 'd. Buku', 'Jumlah titik sudut pada sebuah persegi adalah...', 'a. 2', 'b. 3', 'c. 4', 'd. 5']",https://buku.kemendikdasmen.go.id/katalog/matematika-untuk-sdmi-kelas-ii 
SD,2,Matematika untuk SD/MI Kelas II,Bab 4: Posisi Benda dan Pola,"['Mengenal Posisi Benda', 'Pola Bilangan', 'Pola Gambar']","Bab ini menjelaskan tentang orientasi ruang (posisi) serta kemampuan mengidentifikasi dan melanjutkan pola berulang, baik dalam bentuk gambar maupun barisan bilangan.",['Mengatur barisan murid berdasarkan pola tinggi badan atau menyusun motif ubin lantai yang berulang.'],"['Kosa Kata Posisi: Depan, belakang, atas, bawah, kiri, kanan, di antara.', 'Pola Gambar: Menentukan gambar selanjutnya dalam suatu rangkaian yang berulang.', 'Pola Bilangan: Menemukan aturan loncat angka dalam barisan bilangan sederhana.']","['Jika polanya adalah: Apel, Jeruk, Apel, ..., maka buah selanjutnya adalah...', 'a. Pisang', 'b. Apel', 'c. Jeruk', 'd. Mangga', 'Bilangan selanjutnya dari pola 2, 4, 6, ... adalah...', 'a. 7', 'b. 8', 'c. 9', 'd. 10', 'Kucing berada di ... meja (gambar kucing di bawah meja).', 'a. Atas', 'b. Bawah', 'c. Samping', 'd. Dalam']",https://buku.kemendikdasmen.go.id/katalog/matematika-untuk-sdmi-kelas-ii 
SD,2,Matematika untuk SD/MI Kelas II,Bab 5: Penjumlahan dan Pengurangan dengan Cara Simpan/Pinjam,"['Penjumlahan dengan Menyimpan', 'Pengurangan dengan Meminjam', 'Strategi Hitung Cepat']",Bab ini berfokus pada teknik lanjutan operasi hitung dua angka yang memerlukan proses 'menyimpan' pada penjumlahan dan 'meminjam' pada pengurangan untuk hasil hingga 100.,['Menghitung jumlah kembalian belanja saat membayar dengan uang pas yang nominalnya lebih besar.'],"['Teknik Menyimpan: Memindahkan 10 satuan menjadi 1 puluhan saat hasil jumlah satuan lebih dari 9.', 'Teknik Meminjam: Mengambil 1 puluhan dari kolom sebelah saat angka satuan yang dikurangi lebih kecil.', 'Pemecahan Masalah: Menggunakan teknik bersusun u']","['Hasil dari 27+14=...', 'a. 31', 'b. 41', 'c. 37', 'd. 47', 'Berapakah hasil dari 42-15=...', 'a. 27', 'b. 37', 'c. 33', 'd. 23', '35+28=...', 'a. 53', 'b. 63', 'c. 58', 'd. 68']",https://buku.kemendikdasmen.go.id/katalog/matematika-untuk-sdmi-kelas-ii 
SD,2,Matematika untuk SD/MI Kelas II,Bab 6: Pengukuran,"['Mengukur Panjang (cm dan m)', 'Mengukur Berat (kg dan gr)', 'Mengukur Waktu']","Bab ini berfokus pada penggunaan alat ukur baku untuk panjang, berat, dan waktu, serta memahami satuan-satuan standar yang digunakan dalam kehidupan sehari-hari.",['Menimbang berat bahan kue menggunakan timbangan dapur atau mengukur panjang kain menggunakan meteran.'],"['Satuan Panjang: Mengenal penggaris (cm) dan meteran (m).', 'Satuan Berat: Mengenal timbangan dan satuan gram serta kilogram.', 'Membaca Jam: Mengenal jarum panjang dan pendek pada jam analog.']","['Satuan panjang yang digunakan pada penggaris adalah...', 'a. kg', 'b. cm', 'c. gr', 'd. liter', '1 meter sama dengan ... centimeter.', 'a. 10', 'b. 50', 'c. 100', 'd. 1000', 'Alat untuk mengukur berat benda adalah...', 'a. Penggaris', 'b. Jam', 'c. Timbangan', 'd. Meteran']",https://buku.kemendikdasmen.go.id/katalog/matematika-untuk-sdmi-kelas-ii 
SD,2,Matematika untuk SD/MI Kelas II,Bab 7: Perkalian dan Pembagian,"['Konsep Perkalian (Penjumlahan Berulang)', 'Konsep Pembagian (Pengurangan Berulang)', 'Tabel Perkalian Dasar']",Bab ini berfokus pada pengenalan operasi perkalian sebagai penjumlahan yang berulang dan pembagian sebagai pengurangan berulang hingga habis (nol).,['Membagikan sejumlah kelereng secara merata kepada beberapa teman atau menghitung total roda pada 5 buah sepeda.'],"['Simbol Operasi: Mengenal tanda silang (x) dan titik dua (:).', 'Hubungan Operasi: Memahami bahwa pembagian adalah kebalikan dari perkalian.', 'Dasar Tabel: Menghafal perkalian dasar 1 sampai 5.']","['Bentuk penjumlahan berulang dari 3 x 4 adalah...', 'a. 3+3+3', 'b. 4+4+4', 'c. 3+4', 'd. 4+4+4+4', '10 : 2 artinya adalah...', 'a. 10 diambil 2 sebanyak 5 kali sampai habis', 'b. 10 ditambah 2', 'c. 10 dikali 2', 'd. 10 diambil 2 satu kali', 'Hasil dari 5 x 3=...', 'a. 8', 'b. 12', 'c. 15', 'd. 20']",https://buku.kemendikdasmen.go.id/katalog/matematika-untuk-sdmi-kelas-ii 
SD,2,Matematika untuk SD/MI Kelas II,Bab 8: Pecahan Sederhana,"['Mengenal Pecahan (1/2, 1/3, 1/4)', 'Menulis Lambang Pecahan', 'Membagi Benda Utuh']","Bab ini menjelaskan konsep dasar pecahan sebagai bagian dari satu kesatuan yang utuh, yang dibagi menjadi beberapa bagian yang sama besar.","['Membagi sebuah pizza atau martabak menjadi dua, tiga, atau empat bagian yang sama besar untuk dimakan bersama teman.']","['Konsep Bagian: Memahami bahwa pecahan harus berasal dari pembagian yang adil/sama besar.', 'Notasi Pecahan: Mengenal pembilang (atas) dan penyebut (bawah).', 'Visualisasi: Mengarsir gambar lingkaran atau kotak untuk menunjukkan nilai pecahan.']","['Sebuah apel dipotong menjadi dua bagian sama besar. Satu bagian nilainya...', 'a. Seperempat', 'b. Setengah', 'c. Sepertiga', 'd. Satu', ""Lambang pecahan dari 'seperempat' adalah..."", 'a. 1/2', 'b. 1/3', 'c. 1/4', 'd. 4/1', 'Gambar kotak yang dibagi 3 dan diarsir satu bagian menunjukkan pecahan...', 'a. 1/2', 'b. 1/3', 'c. 1/4', 'd. 3/1']",https://buku.kemendikdasmen.go.id/katalog/matematika-untuk-sdmi-kelas-ii 
SD,3,Matematika untuk SD/MI Kelas III,Bab 1: Bilangan Cacah sampai 1.000,"['Membaca dan Menulis Bilangan Cacah', 'Menentukan Nilai Tempat', 'Membandingkan dan Mengurutkan Bilangan']","Bab ini berfokus pada pengembangan pemahaman siswa terhadap bilangan cacah hingga 1.000, mencakup cara membaca simbol angka yang lebih besar, menentukan posisi nilai tempat (ratusan, puluhan, satuan), serta melatih kemampuan logika dalam mengurutkan data angka.",['Menghitung jumlah halaman buku cerita yang tebal atau mendata jumlah kursi penonton di aula sekolah yang mencapai ratusan.'],"['Bilangan Ratusan: Mengenal angka dari 101 sampai 1.000.', 'Struktur Nilai Tempat: Memahami bahwa 789 terdiri dari 7 ratusan, 8 puluhan, dan 9 satuan.', 'Operasi Perbandingan: Menggunakan simbol<,>, atau=untuk menentukan hubungan antar dua bilangan r']","['Nama bilangan dari lambang 604 adalah...', 'a. Enam ratus empat puluh', 'b. Enam ratus empat', 'c. Enam puluh empat', 'd. Enam ratus empat belas', 'Angka 8 pada bilangan 825 menempati nilai tempat...', 'a. Satuan', 'b. Puluhan', 'c. Ratusan', 'd. Ribuan', 'Manakah pernyataan yang benar?', 'a. 456>465', 'b. 321<123', 'c. 789=789', 'd. 901<899']",https://buku.kemendikdasmen.go.id/katalog/matematika-untuk-sdmi-kelas-iii 
SD,3,Matematika untuk SD/MI Kelas III,Bab 2: Kalimat Matematika,"['Penjumlahan Bilangan Cacah', 'Pengurangan Bilangan Cacah', 'Hubungan Penjumlahan dan Pengurangan']","Bab ini menjelaskan tentang penyelesaian kalimat matematika yang melibatkan operasi penjumlahan dan pengurangan hingga angka 1.000, baik dengan teknik menyimpan/meminjam maupun menggunakan sifat-sifat operasi hitung.",['Menghitung total poin dalam sebuah permainan kelompok atau menghitung sisa stok barang di gudang sekolah setelah dibagikan.'],"['Penjumlahan Bersusun: Teknik menjumlahkan angka ratusan dengan metode simpan.', 'Pengurangan Bersusun: Teknik mengurangkan angka ratusan dengan metode pinjam.', 'Sifat Komutatif: Memahami bahwa urutan angka dalam penjumlahan tidak mengubah hasil (a+b']","['Hasil dari 345+218=...', 'a. 563', 'b. 553', 'c. 562', 'd. 463', 'Berapakah hasil dari 750-235?', 'a. 515', 'b. 525', 'c. 415', 'd. 615', 'Jika 120+80=200, maka 200-120=...', 'a. 70', 'b. 80', 'c. 90', 'd. 100']",https://buku.kemendikdasmen.go.id/katalog/matematika-untuk-sdmi-kelas-iii 
SD,3,Matematika untuk SD/MI Kelas III,Bab 3: Pengukuran Kurikulum,"['Satuan Panjang (km, m, cm)', 'Satuan Berat (kg, gr)', 'Satuan Waktu (Jam, Menit, Detik)']","Bab ini berfokus pada pendalaman konsep pengukuran menggunakan satuan baku internasional, melatih siswa melakukan konversi satuan sederhana, serta membaca alat ukur dengan tingkat ketelitian yang lebih tinggi.",['Mengukur jarak tempuh dari rumah ke sekolah dalam kilometer atau menimbang berat buah-buahan saat berbelanja di pasar swalayan.'],"['Konversi Panjang: Memahami bahwa 1 meter sama dengan 100 centimeter.', 'Konversi Berat: Memahami hubungan antara kilogram dan gram (1 kg=1.000 gr).', 'Durasi Waktu: Menghitung lama waktu suatu kegiatan berlangsung dalam satuan jam dan menit.']","['Jarak 2 km jika diubah ke dalam meter menjadi...', 'a. 20 m', 'b. 200 m', 'c. 2.000 m', 'd. 20.000 m', 'Ibu membeli 3 kg gula. Berat gula tersebut sama dengan ... gram.', 'a. 30 gr', 'b. 300 gr', 'c. 3.000 gr', 'd. 30.000 gr', 'Adik belajar mulai pukul 07.00 dan selesai pukul 09.00. Berapa lama adik belajar?', 'a. 1 jam', 'b. 2 jam', 'c. 3 jam', 'd. 4 jam']",https://buku.kemendikdasmen.go.id/katalog/matematika-untuk-sdmi-kelas-iii 
SD,3,Matematika untuk SD/MI Kelas III,Bab 4: Pecahan Sederhana,"['Mengenal Pecahan pada Benda Utuh', 'Pecahan pada Garis Bilangan', 'Membandingkan Pecahan Berpembilang Sama']","Bab ini berfokus pada perluasan konsep pecahan sebagai bagian dari keseluruhan yang sama besar, memperkenalkan cara penulisan pecahan (pembilang dan penyebut), serta cara memvisualisasikannya dalam garis bilangan.",['Membagi sebuah kue bolu menjadi 6 atau 8 bagian yang sama besar untuk dibagikan kepada teman-teman saat perayaan ulang tahun.'],"['Notasi Pecahan: Mengenal angka atas sebagai pembilang dan angka bawah sebagai penyebut.', 'Visualisasi Garis Bilangan: Menentukan letak titik 1/2 atau 1/4 pada sebuah garis horizontal.', 'Logika Perbandingan: Memahami bahwa 1/2 lebih besar daripada 1/4']","[""Lambang pecahan untuk 'satu per enam' adalah..."", 'a. 1/6', 'b. 6/1', 'c. 1-6', 'd. 6-1', 'Pada pecahan 3/4, angka 3 disebut sebagai...', 'a. Penyebut', 'b. Pembilang', 'c. Hasil bagi', 'd. Bilangan bulat', 'Ibu memotong roti menjadi 8 bagian. Ayah makan 3 bagian. Berapa bagian yang dimakan ayah dalam bentuk pecahan?', 'a. 1/8', 'b. 3/8', 'c. 5/8', 'd. 8/3']",https://buku.kemendikdasmen.go.id/katalog/matematika-untuk-sdmi-kelas-iii 
SD,3,Matematika untuk SD/MI Kelas III,Bab 5: Pengumpulan dan Penyajian Data,"['Cara Mengumpulkan Data', 'Tabel Frekuensi Sederhana', 'Diagram Batang Gambar']","Bab ini menjelaskan tentang dasar-dasar statistika sederhana, mulai dari teknik mengumpulkan informasi melalui pengamatan/tanya jawab hingga menyajikannya ke dalam bentuk tabel dan diagram yang komunikatif.",['Mencatat jenis ekstrakurikuler pilihan siswa satu kelas dan menampilkannya dalam diagram batang untuk melihat minat yang paling populer.'],"['Pengumpulan Data: Teknik wawancara singkat atau lembar isian (kuisioner).', 'Organisasi Data: Mengelompokkan data yang sama ke dalam tabel frekuensi.', 'Interpretasi Visual: Membaca informasi dari grafik batang atau gambar untuk mengambil kesimpulan sed']","['Jika tinggi batang pada diagram buah pisang mencapai angka 12, artinya jumlah siswa yang suka pisang adalah...', 'a. 2 siswa', 'b. 6 siswa', 'c. 10 siswa', 'd. 12 siswa', 'Data yang diperoleh dengan bertanya langsung disebut...', 'a. Observasi', 'b. Wawancara', 'c. Eksperimen', 'd. Menghitung', 'Alat yang digunakan untuk mencatat data agar tidak lupa dan rapi adalah...', 'a. Tabel', 'b. Penggaris', 'c. Jam dinding', 'd. Timbangan']",https://buku.kemendikdasmen.go.id/katalog/matematika-untuk-sdmi-kelas-iii 
SD,4,Matematika untuk SD/MI Kelas IV,Bab 1: Bilangan Cacah sampai 10.000,"['Membaca dan Menulis Bilangan Cacah', 'Menentukan Nilai Tempat', 'Membandingkan dan Mengurutkan Bilangan']","Bab ini memperkenalkan bilangan yang lebih besar hingga 10.000, memantapkan pemahaman nilai tempat dari satuan hingga ribuan, serta melatih kemahiran menganalisis perbandingan angka dalam skala ribuan.",['Menghitung jumlah penduduk di satu desa atau menentukan urutan harga barang-barang elektronik yang mencapai ribuan.'],"['Nilai Tempat Ribuan: Memahami posisi ribuan, ratusan, puluh, dan satuan.', 'Dekomposisi Bilangan: Menguraikan 8.432 menjadi 8.000+400+30+2.', 'Perbandingan: Menggunakan logik nilai tempat untuk menentukan bilangan yang lebih besar atau lebih kecil']","[""Lambang bilangan dari 'tujuh ribu empat ratus dua' adalah..."", 'a. 7.042', 'b. 7.402', 'c. 7.420', 'd. 7.004', 'Angka 5 pada bilangan 9.512 menempati nilai tempat...', 'a. Ribuan', 'b. Ratusan', 'c. Puluhan', 'd. Satuan', 'Bilangan yang paling kecil di bawah ini adalah...', 'a. 4.320', 'b. 4.230', 'c. 4.032', 'd. 4.203']",https://buku.kemendikdasmen.go.id/katalog/Matematika-untuk-SDMI-Kelas-IV 
SD,4,Matematika untuk SD/MI Kelas IV,Bab 2: Pecahan,"['Pecahan dengan Pembilang 1', 'Pecahan Senilai', 'Membandingkan Pecahan']","Bab ini mendalami konsep pecahan sebagai bahagian dari keseluruhan, memperkenalkan cara mencari pecahan yang nilainya sama (senilai), serta membandingkan dua pecahan menggunakan gambar atau garis bilangan.",['Membahagikan sehelai kertas kepada beberapa bahagian yang sama luas atau membahagi sebotol jus kepada beberapa gelas secara adil.'],"['Pecahan Senilai: Memahami bahawa 1/2 sama nilainya dengan 2/4 melalui ilustrasi gambar.', 'Penyederhanaan Pecahan: Mengecilkan nilai pecahan ke bentuk yang paling ringkas.', 'Garis Bilangan: Menentukan posisi pecahan di antara bilangan bulat 0 dan 1.']","['Pecahan yang senilai dengan 1/2 adalah...', 'a. 1/3', 'b. 2/4', 'c. 2/3', 'd. 1/4', 'Manakah tanda yang tepat untuk 1/4 ... 1/2?', 'a.>', 'b.<', 'c.=', 'd.+', 'Pecahan 3/6 jika disederhanakan menjadi...', 'a. 1/2', 'b. 1/3', 'c. 2/3', 'd. 1/4']",https://buku.kemendikdasmen.go.id/katalog/Matematika-untuk-SDMI-Kelas-IV 
SD,4,Matematika untuk SD/MI Kelas IV,Bab 3: Pola Gambar dan Pola Bilangan,"['Pola Gambar Membesar dan Mengecil', 'Pola Bilangan Menaik dan Menurun', 'Menentukan Suku Berikutnya']","Bab ini melatih kemampuan berfikir abstrak siswa dalam mengenal urutan yang berulang, baik dalam bentuk visual gambar mahupun barisan angka yang memiliki aturan tertentu.",['Menyusun susunan kerusi dalam barisan yang bertambah secara tetap atau meramal jumlah tabungan mingguan yang meningkat secara teratur.'],"['Pola Visual: Mengidentifikasi perubahan jumlah objek pada susunan gambar berikutnya.', 'Aturan Barisan: Mencari selisih atau penambahan tetap antara dua bilangan yang berdekatan.', 'Prediksi: Menentukan nilai atau gambar pada posisi yang jauh berdasarka']","['Perhatikan pola: 3, 6, 9, ... Bilangan selanjutnya adalah...', 'a. 10', 'b. 11', 'c. 12', 'd. 15', 'Jika pola gambar bertambah 2 bintang setiap tahap, maka tahap ke-4 dari pola 2, 4, 6 adalah...', 'a. 7 bintang', 'b. 8 bintang', 'c. 9 bintang', 'd. 10 bintang', 'Pola bilangan 20, 17, 14, ... merupakan pola bilangan...', 'a. Menaik', 'b. Menurun', 'c. Tetap', 'd. Acak']",https://buku.kemendikdasmen.go.id/katalog/Matematika-untuk-SDMI-Kelas-IV 
SD,4,Matematika untuk SD/MI Kelas IV,Bab 4: Pengukuran Luas dan Volume,"['Satuan Luas (cm2, m2)', 'Satuan Volume (ml, l)', 'Estimasi Luas dan Volume']",Bab ini memperkenalkan konsep luas sebagai jumlah satuan persegi yang menutupi permukaan dan volume sebagai jumlah muatan dalam sebuah ruang (bangun ruang).,['Mengukur luas permukaan meja menggunakan kertas petak atau menghitung kapasiti botol minuman dalam liter.'],"['Konsep Luas: Menggunakan petak-petak satuan untuk menghitung luas bangun datar tidak beraturan.', 'Satuan Baku: Mengenal sentimeter persegi dan meter persegi.', 'Kapasiti: Mengukur isi cecair dalam wadah menggunakan gelas ukur standar.']","['Satuan yang digunakan untuk mengukur luas adalah...', 'a. cm', 'b. cm2', 'c. kg', 'd. meter', 'Jika sebuah bangun ditutupi oleh 12 petak satuan, maka luasnya adalah...', 'a. 6 satuan', 'b. 10 satuan', 'c. 12 satuan', 'd. 24 satuan', '1 liter sama dengan ... mililiter (ml).', 'a. 10', 'b. 100', 'c. 1.000', 'd. 10.000']",https://buku.kemendikdasmen.go.id/katalog/Matematika-untuk-SDMI-Kelas-IV 
SD,4,Matematika untuk SD/MI Kelas IV,Bab 5: Bangun Datar,"['Ciri-ciri Bangun Datar', 'Komposisi Bangun Datar', 'Dekomposisi Bangun Datar']","Bab ini mendalami jenis-jenis segi banyak (poligon), membezakan segi banyak beraturan dan tidak beraturan, serta teknik menyusun beberapa bangun menjadi bentuk baru.",['Membuat reka bentuk mozek lantai atau memecah bentuk rumah menjadi gabungan persegi dan segitiga.'],"['Segi Banyak: Mengenal bangun tertutup yang dibatasi oleh garis lurus.', 'Sudut dan Sisi: Mengelompokkan bangun berdasarkan jumlah sudut dan panjang sisinya.', 'Tangram: Permainan menyusun potongan bangun datar menjadi pelbagai bentuk kreatif.']","['Bangun datar yang semua sisinya sama panjang dan semua sudutnya sama besar disebut...', 'a. Segi banyak tidak beraturan', 'b. Segi banyak beraturan', 'c. Lingkaran', 'd. Garis lurus', 'Contoh segi banyak beraturan adalah...', 'a. Persegi panjang', 'b. Segitiga sembarang', 'c. Segi enam beraturan', 'd. Layang-layang', 'Segitiga memiliki jumlah sudut sebanyak...', 'a. 2', 'b. 3', 'c. 4', 'd. 5']",https://buku.kemendikdasmen.go.id/katalog/Matematika-untuk-SDMI-Kelas-IV 
SD,4,Matematika untuk SD/MI Kelas IV,Bab 6: Piktogram dan Diagram Batang,"['Mengumpulkan Data', 'Menyajikan Data dalam Piktogram', 'Membaca Diagram Batang']",Bab ini mengajarkan cara mengolah data mentah menjadi maklumat visual yang mudah difahami melalui simbol gambar (piktogram) dan batang vertikal/horizontal.,['Menganalisis jenis sampah yang paling banyak dikumpulkan semasa aktiviti kerja bakti sekolah.'],"['Tabulasi: Menyusun data hasil survei ke dalam tabel frekuensi.', 'Piktogram: Menggunakan satu gambar untuk mewakili jumlah tertentu (misal 1 gambar=5 orang).', 'Interpretasi: Membandingkan data tertinggi, terendah, dan selisih antar kategori pada graf']","['Jika 1 gambar mewakili 2 buku, maka 5 gambar buku mewakili ... buah buku.', 'a. 5', 'b. 7', 'c. 10', 'd. 12', 'Pada diagram batang, tinggi batang menunjukkan...', 'a. Nama data', 'b. Jumlah atau frekuensi', 'c. Warna data', 'd. Judul diagram', 'Manakah yang paling mudah digunakan untuk membandingkan jumlah data secara cepat?', 'a. Catatan tulisan', 'b. Diagram batang', 'c. Foto kegiatan', 'd. Cerita lisan']",https://buku.kemendikdasmen.go.id/katalog/Matematika-untuk-SDMI-Kelas-IV 
SD,5,Matematika untuk SD/MI Kelas V,Bab 1: Bilangan Cacah sampai 1.000.000,"['Membaca dan Menulis Bilangan Cacah Besar', 'Nilai Tempat', 'Membandingkan dan Mengurutkan Bilangan Besar']","Bab ini berfokus pada penguasaan bilangan cacah hingga skala satu juta, memperdalam pemahaman nilai tempat hingga ratus ribuan, serta melatih kemampuan estimasi dan perbandingan angka dalam konteks data besar.",['Menghitung jumlah bantuan dana sosial atau membaca data statistik jumlah pengunjung tempat wisata dalam satu tahun.'],"['Skala Jutaan: Mengenal posisi angka hingga tujuh digit.', 'Komposisi Angka: Memahami bahwa 1.000.000 adalah kumpulan dari 10 ratus ribuan.', 'Strategi Estimasi: Membulatkan angka besar untuk mempermudah perhitungan cepat.']","[""Lambang bilangan dari 'tiga ratus lima puluh ribu dua ratus' adalah..."", 'a. 350.020', 'b. 305.200', 'c. 350.200', 'd. 352.000', 'Angka 7 pada bilangan 724.150 menempati nilai tempat...', 'a. Puluh ribuan', 'b. Ratus ribuan', 'c. Jutaan', 'd. Ribuan', 'Manakah yang lebih besar dari 675.000?', 'a. 657.000', 'b. 674.999', 'c. 675.100', 'd. 607.500']",https://buku.kemendikdasmen.go.id/katalog/matematika-untuk-sdmi-kelas-v 
SD,5,Matematika untuk SD/MI Kelas V,Bab 2: Operasi Hitung Bilangan Cacah,"['Penjumlahan dan Pengurangan Bilangan Besar', 'Perkalian dan Pembagian', 'Operasi Hitung Campuran']","Bab ini menjelaskan teknik perhitungan efisien untuk bilangan besar, mencakup penggunaan sifat komutatif, asosiatif, dan distributif, serta urutan pengerjaan operasi campuran (Kabataku).",['Menghitung anggaran belanja sekolah atau membagi rata inventaris buku ke beberapa perpustakaan daerah.'],"['Perkalian Bersusun: Mengalikan angka tiga digit dengan dua digit secara presisi.', 'Pembagian dengan Sisa: Memahami konsep hasil bagi dan sisa pembagian pada angka ribuan.', 'Aturan Operasi: Mendahulukan kurung, perkalian/pembagian, baru penjumlahan/pen']","['Hasil dari 2.500 x 40 adalah...', 'a. 10.000', 'b. 100.000', 'c. 1.000.000', 'd. 25.000', 'Hasil dari 100+50 x 2 adalah...', 'a. 300', 'b. 200', 'c. 150', 'd. 250', 'Jika 1.200 : 30=n, maka nilai n adalah...', 'a. 4', 'b. 40', 'c. 400', 'd. 4.000']",https://buku.kemendikdasmen.go.id/katalog/matematika-untuk-sdmi-kelas-v 
SD,5,Matematika untuk SD/MI Kelas V,Bab 3: KPK dan FPB,"['Kelipatan dan Faktor', 'Bilangan Prima', 'Menentukan KPK dan FPB']","Bab ini membahas tentang sifat-sifat bilangan, mengenalkan bilangan prima sebagai dasar faktorisasi, serta metode mencari Kelipatan Persekutuan Terkecil (KPK) dan Faktor Persekutuan Terbesar (FPB).",['Menentukan jadwal les bersama dua teman yang berbeda hari atau membagi paket sembako ke dalam plastik dengan jumlah isi yang sama banyak.'],"['Pohon Faktor: Menggunakan faktorisasi prima untuk mengurai bilangan.', 'KPK: Digunakan untuk mencari titik temu dua kejadian yang berulang.', 'FPB: Digunakan untuk pembagian barang secara adil dalam jumlah maksimal.']","['Bilangan prima antara 1 sampai 10 adalah...', 'a. 1, 2, 3, 5', 'b. 2, 3, 5, 7', 'c. 3, 5, 7, 9', 'd. 2, 4, 6, 8', 'KPK dari 6 dan 8 adalah...', 'a. 12', 'b. 18', 'c. 24', 'd. 48', 'FPB dari 12 dan 18 adalah...', 'a. 2', 'b. 3', 'c. 6', 'd. 12']",https://buku.kemendikdasmen.go.id/katalog/matematika-untuk-sdmi-kelas-v 
SD,5,Matematika untuk SD/MI Kelas V,Bab 4: Pecahan,"['Penjumlahan dan Pengurangan Pecahan', 'Pecahan Campuran', 'Desimal dan Persen']","Bab ini memperdalam operasi hitung pada pecahan dengan penyebut berbeda, memperkenalkan pecahan campuran, serta konversi antara pecahan, desimal, dan persen.",['Menghitung sisa tepung setelah digunakan untuk membuat kue atau menghitung diskon belanja di toko.'],"['Penyamaan Penyebut: Menggunakan KPK untuk menjumlahkan pecahan tidak sejenis.', 'Desimal: Memahami nilai tempat persepuluhan dan perseratusan.', 'Persen: Konsep per seratus dalam konteks potongan harga atau bunga.']","['Hasil dari 1/2+1/4 adalah...', 'a. 2/4', 'b. 3/4', 'c. 2/6', 'd. 1/6', 'Bentuk desimal dari 3/4 adalah...', 'a. 0,3', 'b. 0,5', 'c. 0,75', 'd. 0,8', '25% jika diubah ke pecahan paling sederhana menjadi...', 'a. 1/2', 'b. 1/3', 'c. 1/4', 'd. 1/5']",https://buku.kemendikdasmen.go.id/katalog/matematika-untuk-sdmi-kelas-v 
SD,5,Matematika untuk SD/MI Kelas V,Bab 5: Pengumuman dan Pengukuran,"['Sudut dan Jenisnya', 'Pengukuran Sudut dengan Busur', 'Satuan Kecepatan dan Debit']","Bab ini memperkenalkan konsep sudut dan cara mengukurnya, serta memahami hubungan antar satuan pada konsep kecepatan (jarak/waktu) dan debit (volume/waktu).",['Mengukur kemiringan atap rumah atau menghitung waktu tempuh perjalanan mobil berdasarkan kecepatan rata-rata.'],"['Alat Ukur: Penggunaan busur derajat secara presisi.', 'Rumus Kecepatan: Memahami v=s/t.', 'Rumus Debit: Memahami kaitan volume air yang mengalir per satuan waktu.']","['Sudut yang besarnya 90 derajat disebut sudut...', 'a. Lancip', 'b. Tumpul', 'c. Siku-siku', 'd. Lurus', 'Sebuah mobil menempuh 120 km dalam 2 jam. Kecepatannya adalah...', 'a. 60 km/jam', 'b. 70 km/jam', 'c. 80 km/jam', 'd. 240 km/jam', 'Satuan yang digunakan untuk debit air adalah...', 'a. km/jam', 'b. m/detik', 'c. liter/detik', 'd. kg/menit']",https://buku.kemendikdasmen.go.id/katalog/matematika-untuk-sdmi-kelas-v 
SD,5,Matematika untuk SD/MI Kelas V,Bab 6: Keliling dan Luas Bangun Datar,"['Keliling Segiempat dan Segitiga', 'Luas Jajar Genjang dan Trapesium', 'Luas Lingkaran Dasar']","Bab ini berfokus pada penghitungan parameter fisik bangun datar, mencakup rumus keliling dan luas untuk berbagai jenis poligon serta pengenalan awal luas lingkaran.",['Menghitung jumlah pagar yang dibutuhkan untuk mengelilingi kebun atau menghitung kebutuhan ubin untuk lantai ruangan.'],"['Luas Gabungan: Memecah bentuk kompleks menjadi beberapa bangun dasar.', 'Konstanta Pi: Pengenalan 22/7 atau 3,14 dalam perhitungan lingkaran.', 'Logika Luas: Memahami bahwa luas trapesium berkaitan dengan luas persegi panjang.']","['Luas segitiga dengan alas 10 cm dan tinggi 8 cm adalah...', 'a. 80 cm2', 'b. 40 cm2', 'c. 18 cm2', 'd. 20 cm2', 'Rumus luas jajar genjang adalah...', 'a. s x s', 'b. p x l', 'c. a x t', 'd. 1/2 x a x t', 'Keliling persegi dengan sisi 5 cm adalah...', 'a. 10 cm', 'b. 15 cm', 'c. 20 cm', 'd. 25 cm']",https://buku.kemendikdasmen.go.id/katalog/matematika-untuk-sdmi-kelas-v 
SD,5,Matematika untuk SD/MI Kelas V,Bab 7: Membandingkan Ciri-Ciri Bangun Ruang,"['Sifat Kubus dan Balok', 'Prisma dan Limas', 'Tabung, Kerucut, dan Bola']","Bab ini membahas tentang klasifikasi bangun ruang berdasarkan ciri-cirinya seperti jumlah sisi (bidang), rusuk, dan titik sudut.",['Mengidentifikasi bentuk kemasan produk di supermarket atau merancang maket bangunan sederhana.'],"['Unsur Bangun Ruang: Membedakan sisi datar dan sisi lengkung.', 'Jaring-jaring: Memahami bagaimana bangun ruang jika dibongkar menjadi bidang datar.', 'Sifat Prisma: Memahami bahwa tabung adalah prisma dengan alas lingkaran.']","['Bangun ruang yang memiliki 6 sisi persegi yang sama besar adalah...', 'a. Balok', 'b. Kubus', 'c. Prisma', 'd. Limas', 'Jumlah rusuk pada sebuah balok adalah...', 'a. 6', 'b. 8', 'c. 12', 'd. 10', 'Bangun ruang yang tidak memiliki titik sudut adalah...', 'a. Kerucut', 'b. Tabung', 'c. Bola', 'd. Semua benar']",https://buku.kemendikdasmen.go.id/katalog/matematika-untuk-sdmi-kelas-v 
SD,5,Matematika untuk SD/MI Kelas V,Bab 8: Data,"['Pengumpulan Data', 'Membaca dan Membuat Diagram Garis', 'Interpretasi Data']","Bab ini berfokus pada pengolahan data statistik, khususnya penggunaan diagram garis untuk melihat tren atau perkembangan data dari waktu ke waktu.",['Mencatat perkembangan tinggi badan siswa setiap bulan atau memantau naik turunnya suhu udara selama satu minggu.'],"['Tabel Turus: Teknik mencatat frekuensi data secara cepat.', 'Tren Data: Membaca kenaikan atau penurunan pada grafik garis.', 'Kesimpulan: Menentukan data tertinggi, terendah, dan rata-rata sederhana.']","['Diagram yang paling cocok untuk menunjukkan perkembangan data dari waktu ke waktu adalah...', 'a. Diagram Lingkaran', 'b. Diagram Batang', 'c. Diagram Garis', 'd. Piktogram', 'Selisih data tertinggi dan terendah disebut...', 'a. Rata-rata', 'b. Rentang', 'c. Modus', 'd. Median', 'Jika grafik garis terus naik, artinya data tersebut mengalami...', 'a. Penurunan', 'b. Kenaikan', 'c. Tetap', 'd. Tidak stabil']",https://buku.kemendikdasmen.go.id/katalog/matematika-untuk-sdmi-kelas-v 
SD,5,Matematika untuk SD/MI Kelas V,Bab 9: Bilangan Cacah Sampai Juta (Review & Proyek),"['Pengulangan Materi Bilangan Besar', 'Proyek Matematika', 'Evaluasi Akhir']","Bab ini merupakan integrasi dari seluruh pemahaman bilangan di kelas 5, menekankan pada penerapan proyek nyata dan evaluasi kesiapan siswa menuju jenjang kelas 6.",['Merancang simulasi bisnis kecil atau menyusun laporan statistik sederhana tentang lingkungan sekolah.'],"['Aplikasi Proyek: Menggunakan matematika dalam situasi simulasi dunia nyata.', 'Pengayaan: Tantangan soal logika yang lebih kompleks.', 'Refleksi: Menilai bagian mana yang paling dikuasai selama satu tahun ajaran.']","['Satu juta jika ditulis dalam angka adalah...', 'a. 100.000', 'b. 1.000.000', 'c. 10.000.000', 'd. 1.000', 'Jumlah penduduk Kabupaten Sumba Barat tahun 2021 sebanyak 149.641 jiwa. Bilangan tersebut dibaca...', 'a. Seratus empat puluh sembilan ribu enam ratus empat', 'b. Empat ratus sembilan belas ribu enam ratus empat puluh satu', 'c. Seratus empat puluh sembilan ribu enam ratus empat puluh satu', 'd. Seratus empat puluh sembilan ribu enam ratus empat belas', 'Bilangan yang merupakan jumlah dari 8 ratus ribuan, 5 puluh ribuan, 7 ribuan, 2 ratusan, 5 puluhan, dan 9 satuan adalah...', 'a. 85.725.900', 'b. 805.725.9', 'c. 857.259', 'd. 850.725']",https://buku.kemendikdasmen.go.id/katalog/matematika-untuk-sdmi-kelas-v 
SD,6,Matematika untuk SD/MI Kelas VI,Bab 1: Pecahan dan Desimal,"['Perkalian Pecahan', 'Pembagian Pecahan', 'Bilangan Desimal']","Bab ini mendalami operasi hitung perkalian dan pembagian pada pecahan serta bilangan desimal, termasuk cara mengubah bentuk pecahan menjadi desimal dan sebaliknya untuk memecahkan masalah dalam kehidupan sehari-hari.","['Menghitung bagian kue yang didapat setiap orang jika setengah kue dibagi untuk tiga orang, atau menghitung total panjang kain yang dibutuhkan untuk membuat beberapa baju.']","['Perkalian Pecahan: Mengalikan pembilang dengan pembilang dan penyebut dengan penyebut.', 'Pembagian Pecahan: Mengubah operasi menjadi perkalian dengan membalik posisi pembilang dan penyebut pembagi.', 'Desimal: Menggunakan nilai tempat persepuluhan dan']","['Hasil dari 1/2 x 1/3 adalah...', 'a. 1/5', 'b. 1/6', 'c. 2/5', 'd. 2/6', 'Hasil dari 3/4 : 1/2 adalah...', 'a. 3/8', 'b. 2/3', 'c. 1 1/2', 'd. 3/2', 'Bentuk pecahan dari 0,75 adalah...', 'a. 1/2', 'b. 1/4', 'c. 3/4', 'd. 2/5']",https://buku.kemendikdasmen.go.id/katalog/matematika-untuk-sdmi-kelas-vi 
SD,6,Matematika untuk SD/MI Kelas VI,Bab 2: Rasio,"['Konsep Rasio', 'Rasio Satuan', 'Penerapan Rasio']","Bab ini memperkenalkan konsep rasio atau perbandingan antara dua besaran, cara menyatakan rasio dalam bentuk yang paling sederhana, serta menggunakan rasio satuan untuk membandingkan nilai dalam konteks ekonomi dan sains.",['Membandingkan harga barang dengan berat yang berbeda untuk mencari mana yang lebih murah atau menentukan komposisi campuran cat.'],"['Pengertian Rasio: Membandingkan dua kuantitas dengan satuan yang sama atau berbeda.', 'Rasio Satuan: Menentukan nilai untuk satu unit (misal: harga per 1 kg).', 'Skala: Penerapan rasio dalam membaca peta atau denah.']","['Rasio jumlah siswa laki-laki 15 dan perempuan 20 adalah...', 'a. 3 : 4', 'b. 4 : 3', 'c. 3 : 5', 'd. 5 : 4', 'Jika harga 2 kg apel adalah Rp 40.000, maka harga per kg adalah...', 'a. Rp 10.000', 'b. Rp 20.000', 'c. Rp 30.000', 'd. Rp 80.000', 'Dalam resep roti, rasio tepung dan air adalah 2:1. Jika air 500ml, maka tepung yang dibutuhkan...', 'a. 250 ml', 'b. 500 ml', 'c. 1.000 ml', 'd. 1.500 ml']",https://buku.kemendikdasmen.go.id/katalog/matematika-untuk-sdmi-kelas-vi 
SD,6,Matematika untuk SD/MI Kelas VI,Bab 3: Kubus dan Balok,"['Jaring-jaring Kubus dan Balok', 'Luas Permukaan', 'Volume Kubus dan Balok']","Bab ini berfokus pada analisis geometris bangun ruang kubus dan balok, mulai dari mengidentifikasi jaring-jaringnya, menghitung total luas permukaan, hingga menentukan kapasitas ruang (volume).",['Menghitung berapa banyak kertas kado yang dibutuhkan untuk membungkus kotak kado atau menghitung volume air dalam akuarium.'],"['Luas Permukaan: Menjumlahkan seluruh luas sisi-sisi bangun ruang.', 'Volume: Mengalikan luas alas dengan tinggi (V=p x l x t).', 'Jaring-jaring: Pola dua dimensi yang dapat membentuk bangun ruang.']","['Rumus volume kubus dengan sisi s adalah...', 'a. s x s', 'b. 4 x s', 'c. s x s x s', 'd. 6 x s', 'Sebuah balok memiliki panjang 5 cm, lebar 4 cm, dan tinggi 3 cm. Volumenya adalah...', 'a. 12 cm3', 'b. 20 cm3', 'c. 60 cm3', 'd. 120 cm3', 'Jumlah sisi pada bangun ruang kubus adalah...', 'a. 4', 'b. 6', 'c. 8', 'd. 12']",https://buku.kemendikdasmen.go.id/katalog/matematika-untuk-sdmi-kelas-vi 
SD,6,Matematika untuk SD/MI Kelas VI,Bab 4: Peluang,"['Percobaan dan Hasil', 'Peluang Suatu Kejadian', 'Pengambilan Keputusan']","Bab ini memperkenalkan konsep probabilitas atau peluang secara sederhana melalui percobaan acak, membantu siswa memahami kemungkinan terjadinya suatu peristiwa dan menggunakannya untuk dasar pengambilan keputusan.",['Memprediksi kemungkinan munculnya angka 6 pada pelemparan dadu atau memprediksi peluang turunnya hujan berdasarkan data cuaca.'],"['Ruang Sampel: Himpunan semua hasil yang mungkin dari suatu percobaan.', 'Titik Sampel: Setiap hasil tunggal dalam ruang sampel.', 'Skala Peluang: Nilai peluang berada di antara 0 (mustahil) hingga 1 (pasti).']","['Peluang munculnya angka pada pelemparan satu buah koin adalah...', 'a. 0', 'b. 1/2', 'c. 1', 'd. 1/4', 'Dalam satu dadu, peluang munculnya angka 7 adalah...', 'a. 0 (Mustahil)', 'b. 1/6', 'c. 1/2', 'd. 1', 'Jika dalam tas ada 3 kelereng merah dan 2 biru, peluang terambilnya kelereng merah adalah...', 'a. 1/3', 'b. 1/2', 'c. 3/5', 'd. 2/5']",https://buku.kemendikdasmen.go.id/katalog/matematika-untuk-sdmi-kelas-vi 
SMP,7,Matematika untuk SMP/MTs Kelas VII,Bab 1: Bilangan Bulat,"['Bilangan Bulat Positif dan Negatif', 'Operasi Hitung Bilangan Bulat', 'Faktor Bilangan Bulat']","Bab ini memperkenalkan konsep bilangan bulat yang mencakup bilangan negatif, cara membandingkannya pada garis bilangan, serta prosedur operasi hitung campuran yang melibatkan bilangan positif dan negatif.",['Menghitung perubahan suhu udara di puncak gunung atau menentukan posisi penyelam di bawah permukaan laut.'],"['Garis Bilangan: Memahami posisi bilangan negatif di sebelah kiri nol.', 'Operasi Hitung: Aturan penjumlahan, pengurangan, perkalian, dan pembagian bilangan bulat (termasuk aturan tanda+/-).', 'Faktor dan Kelipatan: Mengulang konsep KPK dan FPB dalam li']","['Hasil dari-12+7 adalah...', 'a. 5', 'b.-5', 'c. 19', 'd.-19', 'Hasil dari (-4) x (-3) adalah...', 'a.-12', 'b.-7', 'c. 12', 'd. 7', 'Suhu awal 5 derajat Celcius, kemudian turun 8 derajat. Suhu sekarang adalah...', 'a. 13', 'b. 3', 'c.-3', 'd.-13']",https://buku.kemendikdasmen.go.id/katalog/Matematika-untuk-SMPMTs-Kelas-VII 
SMP,7,Matematika untuk SMP/MTs Kelas VII,Bab 2: Bilangan Rasional,"['Pengertian Bilangan Rasional', 'Mengubah Pecahan ke Desimal', 'Operasi Hitung Bilangan Rasional']","Bab ini berfokus pada bilangan rasional (bilangan yang dapat dinyatakan dalam a/b), mencakup konversi bentuk bilangan serta operasi hitung pada pecahan dan desimal yang melibatkan bilangan negatif.",['Menghitung komposisi bahan kimia dalam laboratorium atau melakukan perhitungan transaksi keuangan yang melibatkan desimal.'],"['Definisi: Membedakan bilangan rasional dan irasional sederhana.', 'Estimasi: Memperkirakan nilai bilangan rasional pada garis bilangan.', 'Aritmetika Rasional: Prosedur penjumlahan dan perkalian pada berbagai bentuk pecahan dan desimal.']","['Bentuk desimal dari 3/5 adalah...', 'a. 0,3', 'b. 0,5', 'c. 0,6', 'd. 0,75', 'Manakah bilangan yang paling kecil?', 'a.-1/2', 'b.-1/4', 'c. 0', 'd. 1/4', 'Hasil dari 0,5+1/4 adalah...', 'a. 0,6', 'b. 0,75', 'c. 1,0', 'd. 1,25']",https://buku.kemendikdasmen.go.id/katalog/Matematika-untuk-SMPMTs-Kelas-VII 
SMP,7,Matematika untuk SMP/MTs Kelas VII,Bab 3: Rasio,"['Konsep Rasio', 'Rasio Senilai', 'Penerapan Rasio dalam Kehidupan']","Bab ini mendalami perbandingan dua besaran, cara menyederhanakan rasio, serta menggunakan konsep rasio senilai untuk menyelesaikan masalah skala, campuran, dan laju perubahan.",['Menentukan skala pada peta atau menghitung takaran bumbu dapur untuk porsi makanan yang berbeda.'],"['Bentuk Rasio: Menyatakan rasio dalam a:b atau a/b.', 'Skala: Hubungan antara jarak pada denah dengan jarak sebenarnya.', 'Rasio Satuan: Menghitung laju seperti kecepatan (km/jam) atau harga satuan.']","['Rasio 20 : 50 jika disederhanakan menjadi...', 'a. 1 : 2', 'b. 2 : 5', 'c. 2 : 3', 'd. 4 : 5', 'Jarak peta 2 cm, skala 1:100.000. Jarak sebenarnya adalah...', 'a. 200 m', 'b. 2 km', 'c. 20 km', 'd. 200 km', 'Harga 3 buku adalah Rp 15.000. Berapa harga 5 buku?', 'a. Rp 20.000', 'b. Rp 25.000', 'c. Rp 30.000', 'd. Rp 35.000']",https://buku.kemendikdasmen.go.id/katalog/Matematika-untuk-SMPMTs-Kelas-VII 
SMP,7,Matematika untuk SMP/MTs Kelas VII,Bab 4: Bentuk Aljabar,"['Unsur-unsur Aljabar', 'Operasi Hitung Aljabar', 'Menyederhanakan Bentuk Aljabar']","Bab ini memperkenalkan bahasa simbol matematika (variabel), konstanta, dan koefisien, serta cara melakukan operasi penjumlahan, pengurangan, dan perkalian pada bentuk aljabar sederhana.",['Menyatakan harga total belanjaan yang belum diketahui jumlah pastinya ke dalam rumus matematika.'],"['Variabel: Penggunaan huruf (x, y, a, b) untuk mewakili bilangan.', 'Suku Sejenis: Dasar melakukan penjumlahan dan pengurangan aljabar.', 'Sifat Distributif: Mengalikan konstanta dengan suku di dalam kurung.']","['Pada bentuk aljabar 3x+5, yang merupakan variabel adalah...', 'a. x', 'b. 3', 'c. 5', 'd. 3x', 'Hasil dari 4a+3a adalah...', 'a. 7', 'b. 7a', 'c. 12a', 'd. 7a2', 'Sederhanakan bentuk: 2(x+3)...', 'a. 2x+3', 'b. 2x+6', 'c. x+6', 'd. 2x+5']",https://buku.kemendikdasmen.go.id/katalog/Matematika-untuk-SMPMTs-Kelas-VII 
SMP,7,Matematika untuk SMP/MTs Kelas VII,Bab 5: Kesebangunan,"['Pengertian Kesebangunan', 'Syarat Dua Bangun Sebangun', 'Penerapan Kesebangunan']","Bab ini menjelaskan tentang hubungan antara dua bangun datar yang memiliki bentuk yang sama namun ukuran yang berbeda, dengan fokus pada perbandingan sisi-sisi yang bersesuaian.",['Memperkirakan tinggi pohon menggunakan bayangan atau memperbesar ukuran foto tanpa merusak proporsi gambar.'],"['Syarat Sebangun: Sudut yang bersesuaian sama besar dan perbandingan sisi yang bersesuaian sama.', 'Segitiga Sebangun: Penerapan khusus pada bangun segitiga.', 'Faktor Skala: Rasio perbesaran atau pengecilan objek.']","['Dua bangun dikatakan sebangun jika sudut yang bersesuaian...', 'a. Sama besar', 'b. Berbeda', 'c. Berjumlah 90 derajat', 'd. Berjumlah 180 derajat', 'Persegi A sisi 2 cm, Persegi B sisi 6 cm. Rasio kesebangunannya adalah...', 'a. 1 : 2', 'b. 1 : 3', 'c. 2 : 3', 'd. 1 : 4', 'Kesebangunan biasanya digunakan untuk membuat...', 'a. Lukisan', 'b. Maket atau miniatur', 'c. Garis bilangan', 'd. Tabel data']",https://buku.kemendikdasmen.go.id/katalog/Matematika-untuk-SMPMTs-Kelas-VII 
SMP,7,Matematika untuk SMP/MTs Kelas VII,Bab 6: Data dan Statistik,"['Rumusan Pertanyaan Statistik', 'Diagram Batang dan Lingkaran', 'Mean, Median, dan Modus']","Bab ini mengajarkan cara mengolah data statistik yang lebih kompleks, mulai dari teknik pengumpulan, penyajian dalam berbagai diagram, hingga menghitung nilai rata-rata (mean), nilai tengah (median), dan nilai yang sering muncul (modus).",['Menganalisis tren nilai ujian kelas atau menentukan rata-rata penggunaan kuota internet harian siswa.'],"['Penyajian Data: Membuat diagram lingkaran dengan perhitungan derajat/persen.', 'Ukuran Pemusatan: Perhitungan matematis Mean, Median, dan Modus.', 'Interpretasi: Mengambil kesimpulan objektif dari sebaran data.']","['Nilai yang paling sering muncul dalam data disebut...', 'a. Mean', 'b. Median', 'c. Modus', 'd. Range', 'Rata-rata dari data 6, 7, 8 adalah...', 'a. 6', 'b. 7', 'c. 8', 'd. 21', 'Jenis diagram yang menggunakan juring lingkaran disebut...', 'a. Diagram batang', 'b. Diagram garis', 'c. Diagram lingkaran', 'd. Piktogram']",https://buku.kemendikdasmen.go.id/katalog/Matematika-untuk-SMPMTs-Kelas-VII 
SMP,8,Matematika untuk SMP/MTs Kelas VIII,Bab 1: Bilangan Berpangkat,"['Sifat-sifat Eksponen', 'Bilangan Berpangkat Nol dan Negatif', 'Bentuk Akar dan Notasi Ilmiah']","Bab ini berfokus pada pemahaman mendalam tentang konsep eksponen, mulai dari definisi dasar hingga penerapannya dalam notasi ilmiah dan hubungan antara pangkat pecahan dengan bentuk akar.",['Menghitung pertumbuhan bakteri yang membelah diri secara eksponensial atau menuliskan jarak planet dalam tata surya menggunakan notasi ilmiah.'],"['Sifat Eksponen: Operasi perkalian dan pembagian pada bilangan berpangkat dengan basis yang sama.', 'Pangkat Negatif: Memahami bahwa a^-n sama dengan 1/a^n.', 'Bentuk Akar: Menyederhanakan operasi penjumlahan dan perkalian pada akar kuadrat.']","['Hasil dari 2^3 x 2^2 adalah...', 'a. 2^6', 'b. 2^5', 'c. 4^5', 'd. 4^6', 'Bentuk sederhana dari âˆš72 adalah...', 'a. 3âˆš2', 'b. 4âˆš2', 'c. 6âˆš2', 'd. 36âˆš2', 'Nilai dari 5^0 adalah...', 'a. 0', 'b. 1', 'c. 5', 'd. 10']",https://buku.kemendikdasmen.go.id/katalog/matematika-untuk-sdmi-kelas-viii 
SMP,8,Matematika untuk SMP/MTs Kelas VIII,Bab 2: Teorema Pythagoras,"['Menemukan Konsep Pythagoras', 'Triple Pythagoras', 'Penerapan Teorema Pythagoras']","Bab ini menjelaskan hubungan antara sisi-sisi pada segitiga siku-siku, cara membuktikan kebenaran teorema, serta aplikasinya dalam mencari jarak atau panjang diagonal pada bangun datar dan ruang.",['Menghitung panjang tangga yang dibutuhkan untuk mencapai ketinggian jendela tertentu atau mencari jarak terpendek antar dua titik koordinat.'],"['Rumus Utama: c^2=a^2+b^2, di mana c adalah sisi miring (hipotenusa).', 'Identifikasi Segitiga: Menggunakan kebalikan teorema untuk menentukan jenis segitiga (lancip, tumpul, siku-siku).', 'Diagonal Bidang: Mencari panjang garis miring pada persegi a']","['Jika sisi siku-siku segitiga adalah 3 cm dan 4 cm, maka panjang sisi miringnya adalah...', 'a. 5 cm', 'b. 6 cm', 'c. 7 cm', 'd. 12 cm', 'Kelompok bilangan berikut yang merupakan Triple Pythagoras adalah...', 'a. 3, 4, 6', 'b. 5, 12, 13', 'c. 7, 8, 10', 'd. 10, 15, 20', 'Sebuah tangga 10m bersandar di tembok. Jika jarak bawah tangga ke tembok 6m, tinggi tembok adalah...', 'a. 4m', 'b. 8m', 'c. 12m', 'd. 16m']",https://buku.kemendikdasmen.go.id/katalog/matematika-untuk-sdmi-kelas-viii 
SMP,8,Matematika untuk SMP/MTs Kelas VIII,Bab 3: Persamaan Linear dan Pertidaksamaan Linear Satu Variabel,"['Memahami Konsep PLSV', 'Menyelesaikan PLSV dan PtLSV', 'Aplikasi dalam Masalah Nyata']","Bab ini membahas cara mencari nilai variabel tunggal dalam sebuah kesamaan (persamaan) atau ketidaksamaan, serta melatih logika pemodelan matematika dari kalimat cerita.",['Menentukan harga satuan barang saat membeli paket kombo atau menghitung batas minimal nilai ujian untuk lulus.'],"['Manipulasi Aljabar: Menambah, mengurang, mengali, atau membagi kedua ruas dengan bilangan yang sama.', 'Simbol Ketidaksamaan: Penggunaan<,>, â‰¤, dan â‰¥ serta pengaruh perkalian negatif terhadap arah simbol.', 'Himpunan Penyelesaian: Menentukan renta']","['Nilai x yang memenuhi persamaan 2x+5=11 adalah...', 'a. 3', 'b. 4', 'c. 6', 'd. 8', 'Himpunan penyelesaian dari x+3<5 adalah...', 'a. x<2', 'b. x>2', 'c. x<8', 'd. x>8', 'Jika 3x=15, maka nilai dari x+10 adalah...', 'a. 5', 'b. 10', 'c. 15', 'd. 25']",https://buku.kemendikdasmen.go.id/katalog/matematika-untuk-sdmi-kelas-viii 
SMP,8,Matematika untuk SMP/MTs Kelas VIII,Bab 4: Relasi dan Fungsi,"['Pengertian Relasi dan Fungsi', 'Penyajian Fungsi (Diagram, Tabel, Grafik)', 'Korespondensi Satu-satu']","Bab ini menjelaskan hubungan antar anggota dua himpunan, membedakan relasi biasa dengan fungsi (pemetaan), serta cara merepresentasikan hubungan tersebut ke dalam koordinat Kartesius.",['Memetakan setiap siswa dengan nomor induknya (NISN) atau menghitung tarif taksi berdasarkan jarak tempuh (fungsi biaya).'],"['Domain, Kodomain, Range: Mengenal daerah asal, daerah kawan, dan daerah hasil.', 'Notasi Fungsi: Memahami bentuk f(x)=ax+b.', 'Grafik Fungsi: Menggambar garis atau titik yang merepresentasikan aturan fungsi.']","['Himpunan A={1, 2 ke B={a, b. Banyaknya fungsi yang mungkin adalah...', 'a. 2', 'b. 4', 'c. 8', 'd. 16', 'Jika f(x)=2x+3, maka bayangan dari 4 adalah...', 'a. 7', 'b. 9', 'c. 11', 'd. 14', 'Relasi yang setiap anggota domainnya memiliki tepat satu pasangan di kodomain disebut...', 'a. Fungsi', 'b. Korespondensi', 'c. Persamaan', 'd. Variabel']",https://buku.kemendikdasmen.go.id/katalog/matematika-untuk-sdmi-kelas-viii 
SMP,8,Matematika untuk SMP/MTs Kelas VIII,Bab 5: Persamaan Garis Lurus,"['Grafik Persamaan Garis Lurus', 'Kemiringan Garis (Gradien)', 'Menentukan Persamaan Garis']","Bab ini berfokus pada visualisasi fungsi linear ke dalam koordinat Kartesius, menghitung tingkat kemiringan (gradien), serta menyusun persamaan garis melalui satu atau dua titik.",['Menganalisis kemiringan jalan raya di daerah pegunungan untuk keamanan atau memprediksi tren kenaikan harga secara linear.'],"['Gradien (m): Perubahan y dibagi perubahan x (rise over run).', 'Bentuk Umum: y=mx+c.', 'Hubungan Garis: Syarat dua garis sejajar (m1=m2) dan tegak lurus (m1 x m2=-1).']","['Gradien garis yang melalui titik (0,0) dan (2,4) adalah...', 'a. 1/2', 'b. 2', 'c. 4', 'd. 6', 'Persamaan garis yang memiliki gradien 3 dan melalui titik (0,5) adalah...', 'a. y=3x+5', 'b. y=5x+3', 'c. y=3x-5', 'd. y=-3x+5', 'Jika dua garis sejajar, maka gradiennya adalah...', 'a. Berbeda', 'b. Sama', 'c. Berlawanan tanda', 'd. Hasil kalinya-1']",https://buku.kemendikdasmen.go.id/katalog/matematika-untuk-sdmi-kelas-viii 
SMP,8,Matematika untuk SMP/MTs Kelas VIII,Bab 6: Statistika,"['Pemusatan Data (Mean, Median, Modus)', 'Penyebaran Data (Jangkauan, Kuartil)', 'Analisis Data dan Peluang Sederhana']",Bab ini memperdalam pengolahan data statistik dengan memperkenalkan ukuran penyebaran data serta analisis peluang empiris dan teoretis.,['Menganalisis sebaran nilai rapor kelas untuk menentukan standar kelulusan atau menghitung peluang kemenangan dalam sebuah turnamen.'],"['Kuartil: Membagi data menjadi empat bagian sama besar (Q1, Q2/Median, Q3).', 'Jangkauan Interkuartil: Mengukur sebaran data di bagian tengah.', 'Peluang Empiris: Berdasarkan hasil percobaan nyata yang dilakukan berulang kali.']","['Median dari data 2, 4, 6, 8, 10 adalah...', 'a. 4', 'b. 6', 'c. 8', 'd. 10', 'Selisih antara kuartil atas (Q3) dan kuartil bawah (Q1) disebut...', 'a. Jangkauan', 'b. Jangkauan Interkuartil', 'c. Simpangan rata-rata', 'd. Modus', 'Peluang munculnya mata dadu ganjil pada pelemparan satu dadu adalah...', 'a. 1/6', 'b. 1/3', 'c. 1/2', 'd. 2/3']",https://buku.kemendikdasmen.go.id/katalog/matematika-untuk-sdmi-kelas-viii 
SMP,9,Matematika untuk SMP/MTs Kelas IX,Bab 1: Sistem Persamaan Linear Dua Variabel,"['Penyelesaian SPLDV dengan Grafik', 'Metode Substitusi', 'Metode Eliminasi']",Bab ini membahas cara menentukan nilai dua variabel yang memenuhi dua persamaan linear secara bersamaan melalui pendekatan visual grafik maupun teknik aljabar substitusi dan eliminasi.,['Menghitung harga masing-masing antara harga buku dan pensil jika diketahui total harga dua paket pembelian yang berbeda.'],"['Definisi SPLDV: Dua persamaan linear yang memiliki variabel sama.', 'Metode Grafik: Mencari titik potong antara dua garis pada bidang koordinat.', 'Metode Campuran: Menggabungkan eliminasi dan substitusi untuk efisiensi perhitungan.']","['Himpunan penyelesaian dari sistem persamaan x+y=5 dan x-y=1 adalah...', 'a. {(2, 3)', 'b. {(3, 2)', 'c. {(4, 1)', 'd. {(1, 4)', 'Diketahui sistem persamaan 2x+y=10 dan x+y=7. Nilai dari 2x adalah...', 'a. 3', 'b. 6', 'c. 4', 'd. 8', 'Harga 2 kg salak dan 3 kg jeruk adalah Rp32.000,00, sedangkan harga 3 kg salak dan 2 kg jeruk adalah Rp33.000,00. Harga 1 kg salak adalah...', 'a. Rp7.000,00', 'b. Rp6.000,00', 'c. Rp5.000,00', 'd. Rp4.000,00']",https://buku.kemendikdasmen.go.id/katalog/matematika-untuk-smpmts-kelas-ix 
SMP,9,Matematika untuk SMP/MTs Kelas IX,Bab 2: Persamaan dan Fungsi Kuadrat,"['Akar-akar Persamaan Kuadrat', 'Grafik Fungsi Kuadrat', 'Nilai Diskriminan']","Bab ini mendalami karakteristik persamaan kuadrat, teknik pemfaktoran, serta analisis bentuk grafik fungsi kuadrat terhadap sumbu koordinat berdasarkan nilai koefisiennya.",['Memprediksi titik tertinggi dari peluru yang ditembakkan ke atas berdasarkan fungsi waktu yang diberikan.'],"['Pemfaktoran: Mencari nilai x yang membuat persamaan bernilai nol.', 'Rumus ABC: Solusi umum untuk mencari akar-akar persamaan kuadrat.', 'Sumbu Simetri: Menentukan garis tengah yang membagi parabola secara sama besar.']","['Akar-akar dari persamaan kuadrat x^2-7x+10=0 adalah...', 'a. x=2 atau x=5', 'b. x=-2 atau x=-5', 'c. x=2 atau x=-5', 'd. x=5 atau x=-2', 'Nilai diskriminan dari persamaan kuadrat x^2-4x+3=0 adalah...', 'a. 4', 'b. 2', 'c. 0', 'd.-4', 'Koordinat titik potong grafik fungsi f(x)=x^2-9 dengan sumbu x adalah...', 'a. (0, 3) dan (0,-3)', 'b. (3, 0) dan (-3, 0)', 'c. (0, 9)', 'd. (9, 0)']",https://buku.kemendikdasmen.go.id/katalog/matematika-untuk-smpmts-kelas-ix 
SMP,9,Matematika untuk SMP/MTs Kelas IX,Bab 3: Transformasi Geometri,"['Refleksi (Pencerminan)', 'Translasi (Pergeseran)', 'Rotasi dan Dilatasi']","Bab ini mempelajari perubahan posisi dan ukuran suatu objek pada bidang Kartesius tanpa mengubah bentuk dasarnya, melalui proses pencerminan, pergeseran, perputaran, dan perkalian skala.",['Mengatur tata letak desain grafis yang membutuhkan perulangan motif simetris atau perbesaran skala peta.'],"['Refleksi: Aturan perpindahan titik terhadap sumbu x, y, atau garis y=x.', 'Vektor Translasi: Menjumlahkan koordinat x dan y dengan jarak pergeseran tertentu.', 'Faktor Skala: Menentukan besar kecilnya hasil bayangan pada proses dilatasi.']","['Titik P(3,-2) direfleksikan terhadap sumbu y. Koordinat bayangan titik P adalah...', 'a. (3, 2)', 'b. (-3,-2)', 'c. (-3, 2)', 'd. (2, 3)', 'Bayangan titik A(1, 4) oleh translasi T=(2, 3) adalah...', ""a. A'(3, 7)"", ""b. A'(2, 7)"", ""c. A'(3, 1)"", ""d. A'(1, 7)"", 'Titik B(2, 5) dirotasikan sebesar 90 derajat searah jarum jam dengan pusat (0,0). Bayangan titik B adalah...', 'a. (5,-2)', 'b. (-5, 2)', 'c. (-2,-5)', 'd. (5, 2)']",https://buku.kemendikdasmen.go.id/katalog/matematika-untuk-smpmts-kelas-ix 
SMP,9,Matematika untuk SMP/MTs Kelas IX,Bab 4: Geometri Bangun Datar dan Bangun Ruang,"['Kekongruenan Bangun Datar', 'Kesebangunan Segitiga', 'Bangun Ruang Sisi Lengkung']",Bab ini memadukan konsep kesebangunan pada bidang datar dengan perhitungan volume dan luas permukaan pada bangun ruang sisi lengkung seperti tabung dan kerucut.,['Mengestimasi tinggi gedung sebenarnya menggunakan perbandingan bayangan atau menghitung kapasitas air dalam wadah berbentuk kerucut.'],"['Kekongruenan: Dua bangun yang memiliki bentuk dan ukuran yang identik.', 'Kesebangunan: Dua bangun dengan sudut sama besar dan sisi yang sebanding.', 'Luas Permukaan: Menghitung total bidang luar dari tabung, kerucut, dan bola.']","['Dua segitiga dikatakan kongruen jika memenuhi syarat berikut, kecuali...', 'a. Sisi-sisi yang bersesuaian sama panjang', 'b. Dua sisi yang bersesuaian sama panjang dan sudut yang diapitnya sama besar', 'c. Dua sudut yang bersesuaian sama besar dan sisi yang diapitnya sama panjang', 'd. Luas kedua segitiga sama besar', 'Sebuah tabung memiliki jari-jari alas 10 cm dan tinggi 20 cm. Luas selimut tabung tersebut adalah... (Ï€=3,14)', 'a. 628 cm2', 'b. 1.256 cm2', 'c. 3.140 cm2', 'd. 6.280 cm2', 'Volume sebuah bola yang memiliki jari-jari 3 cm adalah...', 'a. 12Ï€ cm3', 'b. 24Ï€ cm3', 'c. 36Ï€ cm3', 'd. 48Ï€ cm3']",https://buku.kemendikdasmen.go.id/katalog/matematika-untuk-smpmts-kelas-ix 
